County,Counties,City,State,Postal Code,2020 Census Tract,LocationID
Ada,1659.0,Boise,ID,83702.0,16001000101.0,1
Adams,2953.0,Benge,WA,99105.0,53001950200.0,2
Adams,2953.0,Hatton,WA,99344.0,53001950200.0,3
Adams,2953.0,Lind,WA,99341.0,53001950200.0,4
Adams,2953.0,Othello,WA,99344.0,53001950200.0,5
Adams,2953.0,Othello,WA,99344.0,53001950301.0,6
Adams,2953.0,Othello,WA,99344.0,53001950302.0,7
Adams,2953.0,Othello,WA,99344.0,53001950303.0,8
Adams,2953.0,Othello,WA,99344.0,53001950400.0,9
Adams,2953.0,Othello,WA,99344.0,53001950500.0,10
Adams,2953.0,Ritzville,WA,99169.0,53001950100.0,11
Adams,2953.0,Washtucna,WA,99371.0,53001950200.0,12
Alameda,1141.0,Alameda,CA,94501.0,6001427600.0,13
Alameda,1141.0,Alameda,CA,94501.0,6001428200.0,14
Alameda,1141.0,Alameda,CA,94501.0,6001428700.0,15
Alameda,1141.0,Berkeley,CA,94707.0,6001421400.0,16
Alameda,1141.0,Dublin,CA,94568.0,6001450751.0,17
Alameda,1141.0,Fremont,CA,94538.0,6001442502.0,18
Alameda,1141.0,Newark,CA,94560.0,6001444304.0,19
Alameda,1141.0,Piedmont,CA,94611.0,6001426200.0,20
Albemarle,2906.0,Charlottesville,VA,22901.0,51003011000.0,21
Alexandria,2904.0,Alexandria,VA,22301.0,51510201500.0,22
Alexandria,2904.0,Alexandria,VA,22304.0,51510200404.0,23
Alexandria,2904.0,Alexandria,VA,22305.0,51510201202.0,24
Alexandria,2904.0,Alexandria,VA,22311.0,51510200106.0,25
Alexandria,2904.0,Alexandria,VA,22314.0,51510200701.0,26
Alexandria,2904.0,Alexandria,VA,22314.0,51510200705.0,27
Alexandria,2904.0,Alexandria,VA,22314.0,51510202001.0,28
Alexandria,2904.0,Alexandria,VA,22314.0,51510202002.0,29
Allegheny,2455.0,Oakdale,PA,15071.0,42003458001.0,30
Allegheny,2455.0,Pittsburgh,PA,15222.0,42003020100.0,31
Allen,1839.0,Fort Wayne,IN,46802.0,18003001200.0,32
Allen,1839.0,Fort Wayne,IN,46818.0,18003010601.0,33
Anchorage,1669.0,Anchorage,AK,99517.0,2020002100.0,34
Anchorage,1669.0,Eagle River,AK,99577.0,2020000206.0,35
Anne Arundel,418.0,Annapolis,MD,21401.0,24003702402.0,36
Anne Arundel,418.0,Annapolis,MD,21409.0,24003731103.0,37
Anne Arundel,418.0,Arnold,MD,21012.0,24003731103.0,38
Anne Arundel,418.0,Crofton,MD,21114.0,24003702209.0,39
Anne Arundel,418.0,Edgewater,MD,21037.0,24003701400.0,40
Anne Arundel,418.0,Fort George G Meade,MD,20755.0,24003740603.0,41
Anne Arundel,418.0,Hanover,MD,21076.0,24003740108.0,42
Anne Arundel,418.0,Pasadena,MD,21122.0,24003731307.0,43
Anne Arundel,418.0,Severna Park,MD,21146.0,24003730606.0,44
Arapahoe,1395.0,Englewood,CO,80111.0,8005006861.0,45
Arlington,907.0,Arlington,VA,22202.0,51013103503.0,46
Arlington,907.0,Arlington,VA,22202.0,51013103505.0,47
Arlington,907.0,Arlington,VA,22203.0,51013101300.0,48
Asotin,1769.0,Asotin,WA,99402.0,53003960100.0,49
Asotin,2954.0,Clarkston,WA,99403.0,53003960100.0,50
Asotin,2954.0,Clarkston,WA,99403.0,53003960200.0,51
Asotin,2954.0,Clarkston,WA,99403.0,53003960300.0,52
Asotin,2954.0,Clarkston,WA,99403.0,53003960400.0,53
Asotin,2954.0,Clarkston,WA,99403.0,53003960500.0,54
Asotin,2954.0,Clarkston,WA,99403.0,53003960600.0,55
Atlantic,2446.0,Egg Harbor Township,NJ,8234.0,34001011806.0,56
Autauga,90.0,Prattville,AL,36067.0,1001020100.0,57
Baltimore,1857.0,Baltimore,MD,21224.0,24510010300.0,58
Bannock,1684.0,Pocatello,ID,83202.0,16005001500.0,59
Barnstable,1858.0,Brewster,MA,2631.0,25001010800.0,60
Beaufort,2708.0,Okatie,SC,29909.0,45013002103.0,61
Beauregard,1538.0,Deridder,LA,70634.0,22011960500.0,62
Beaver,725.0,Rochester,PA,15074.0,42007602100.0,63
Bell,821.0,Belton,TX,76513.0,48027021502.0,64
Bell,821.0,Fort Cavazos,TX,76544.0,48027023201.0,65
Bell,821.0,Fort Hood,TX,76544.0,48027023202.0,66
Bell,821.0,Killeen,TX,76549.0,48027023114.0,67
Bell,821.0,Temple,TX,76504.0,48027020900.0,68
Benton,948.0,Bella Vista,AR,72714.0,5007020703.0,69
Benton,2316.0,Corvallis,OR,97330.0,41003000600.0,70
Benton,2746.0,Grandview,WA,98930.0,53005011802.0,71
Benton,2955.0,Benton City,WA,99320.0,53005010701.0,72
Benton,2955.0,Benton City,WA,99320.0,53005010703.0,73
Benton,2955.0,Benton City,WA,99320.0,53005010807.0,74
Benton,2955.0,Benton City,WA,99320.0,53005010814.0,75
Benton,2955.0,Benton City,WA,99320.0,53005011801.0,76
Benton,2955.0,Benton City,WA,99320.0,53005011900.0,77
Benton,2955.0,Kennewick,WA,99336.0,53005010809.0,78
Benton,2955.0,Kennewick,WA,99336.0,53005010810.0,79
Benton,2955.0,Kennewick,WA,99336.0,53005010811.0,80
Benton,2955.0,Kennewick,WA,99336.0,53005010814.0,81
Benton,2955.0,Kennewick,WA,99336.0,53005010815.0,82
Benton,2955.0,Kennewick,WA,99336.0,53005010816.0,83
Benton,2955.0,Kennewick,WA,99336.0,53005010820.0,84
Benton,2955.0,Kennewick,WA,99336.0,53005010901.0,85
Benton,2955.0,Kennewick,WA,99336.0,53005010902.0,86
Benton,2955.0,Kennewick,WA,99336.0,53005011001.0,87
Benton,2955.0,Kennewick,WA,99336.0,53005011002.0,88
Benton,2955.0,Kennewick,WA,99336.0,53005011100.0,89
Benton,2955.0,Kennewick,WA,99336.0,53005011201.0,90
Benton,2955.0,Kennewick,WA,99336.0,53005011202.0,91
Benton,2955.0,Kennewick,WA,99336.0,53005011300.0,92
Benton,2955.0,Kennewick,WA,99336.0,53005011401.0,93
Benton,2955.0,Kennewick,WA,99336.0,53005011501.0,94
Benton,2955.0,Kennewick,WA,99337.0,53005011100.0,95
Benton,2955.0,Kennewick,WA,99337.0,53005011401.0,96
Benton,2955.0,Kennewick,WA,99337.0,53005011402.0,97
Benton,2955.0,Kennewick,WA,99337.0,53005011501.0,98
Benton,2955.0,Kennewick,WA,99337.0,53005011504.0,99
Benton,2955.0,Kennewick,WA,99337.0,53005011505.0,100
Benton,2955.0,Kennewick,WA,99337.0,53005011506.0,101
Benton,2955.0,Kennewick,WA,99338.0,53005010810.0,102
Benton,2955.0,Kennewick,WA,99338.0,53005010811.0,103
Benton,2955.0,Kennewick,WA,99338.0,53005010814.0,104
Benton,2955.0,Kennewick,WA,99338.0,53005010815.0,105
Benton,2955.0,Kennewick,WA,99338.0,53005010902.0,106
Benton,2955.0,Kennewick,WA,99338.0,53005011002.0,107
Benton,2955.0,Kennewick,WA,99338.0,53005011505.0,108
Benton,2955.0,Paterson,WA,99345.0,53005011600.0,109
Benton,2955.0,Pros,WA,99350.0,53005011702.0,110
Benton,2955.0,Prosser,WA,99350.0,53005011600.0,111
Benton,2955.0,Prosser,WA,99350.0,53005011701.0,112
Benton,2955.0,Prosser,WA,99350.0,53005011702.0,113
Benton,2955.0,Prosser,WA,99350.0,53005011801.0,114
Benton,2955.0,Prosser,WA,99350.0,53005011802.0,115
Benton,2955.0,Rich,WA,99352.0,53005010817.0,116
Benton,2955.0,Richland,WA,99338.0,53005010811.0,117
Benton,2955.0,Richland,WA,99352.0,53005010100.0,118
Benton,2955.0,Richland,WA,99352.0,53005010300.0,119
Benton,2955.0,Richland,WA,99352.0,53005010400.0,120
Benton,2955.0,Richland,WA,99352.0,53005010500.0,121
Benton,2955.0,Richland,WA,99352.0,53005010600.0,122
Benton,2955.0,Richland,WA,99352.0,53005010703.0,123
Benton,2955.0,Richland,WA,99352.0,53005010705.0,124
Benton,2955.0,Richland,WA,99352.0,53005010807.0,125
Benton,2955.0,Richland,WA,99352.0,53005010810.0,126
Benton,2955.0,Richland,WA,99352.0,53005010811.0,127
Benton,2955.0,Richland,WA,99352.0,53005010817.0,128
Benton,2955.0,Richland,WA,99352.0,53005010818.0,129
Benton,2955.0,Richland,WA,99352.0,53005010819.0,130
Benton,2955.0,Richland,WA,99352.0,53005010820.0,131
Benton,2955.0,Richland,WA,99352.0,53005012000.0,132
Benton,2955.0,Richland,WA,99354.0,53005010100.0,133
Benton,2955.0,Richland,WA,99354.0,53005010201.0,134
Benton,2955.0,Richland,WA,99354.0,53005010203.0,135
Benton,2955.0,Richland,WA,99354.0,53005010204.0,136
Benton,2955.0,Richland,WA,99354.0,53005010300.0,137
Benton,2955.0,Richland,WA,99354.0,53005010400.0,138
Benton,2955.0,Richland,WA,99354.0,53005010500.0,139
Benton,2955.0,West Richland,WA,99320.0,53005010701.0,140
Benton,2955.0,West Richland,WA,99353.0,53005010201.0,141
Benton,2955.0,West Richland,WA,99353.0,53005010701.0,142
Benton,2955.0,West Richland,WA,99353.0,53005010703.0,143
Benton,2955.0,West Richland,WA,99353.0,53005010705.0,144
Benton,2955.0,West Richland,WA,99353.0,53005010707.0,145
Benton,2955.0,West Richland,WA,99353.0,53005010708.0,146
Benton,2955.0,West Richland,WA,99353.0,53005010807.0,147
Benton,2955.0,Wrch,WA,99353.0,53005010701.0,148
Berkeley,1974.0,Summerville,SC,29483.0,45015020714.0,149
Berkeley,2709.0,Hanahan,SC,29410.0,45015020903.0,150
Berkeley,2709.0,Moncks Corner,SC,29461.0,45015020601.0,151
Berkeley,2709.0,Moncks Corner,SC,29461.0,45015020602.0,152
Bernalillo,491.0,Albuquerque,NM,87120.0,35001004750.0,153
Bexar,3027.0,Jbsa Ft Sam Houston,TX,78234.0,48029120100.0,154
Bexar,3027.0,Jbsa Lackland,TX,78236.0,48029161400.0,155
Bexar,3027.0,San Antonio,TX,78222.0,48029131300.0,156
Bexar,3027.0,San Antonio,TX,78244.0,48029131616.0,157
Bexar,3027.0,San Antonio,TX,78253.0,48029172006.0,158
Boone,143.0,Zionsville,IN,46077.0,18011810604.0,159
Boulder,85.0,Longmont,CO,80503.0,8013013215.0,160
Brevard,1053.0,Melbourne,FL,32904.0,12009071354.0,161
Brevard,1053.0,Rockledge,FL,32955.0,12009063105.0,162
Broward,1054.0,Coral Springs,FL,33065.0,12011020312.0,163
Broward,1054.0,Fort Lauderdale,FL,33308.0,12011040502.0,164
Broward,1054.0,Fort Lauderdale,FL,33323.0,12011060121.0,165
Broward,1054.0,Weston,FL,33327.0,12011070331.0,166
Brown,2937.0,Green Bay,WI,54313.0,55009020504.0,167
Bucks,2458.0,Feasterville Trevose,PA,19053.0,42017101403.0,168
Bucks,2458.0,Newtown,PA,18940.0,42017105202.0,169
Burlington,2447.0,Joint Base Mdl,NJ,8641.0,34005702101.0,170
Burlington,2447.0,Joint Base Mdl,NJ,8641.0,34005982111.0,171
Caddo,1575.0,Shreveport,LA,71115.0,22017023906.0,172
Calhoun,1491.0,Jacksonville,AL,36265.0,1015002502.0,173
Calvert,1764.0,Owings,MD,20736.0,24009860103.0,174
Camden,1157.0,Saint Marys,GA,31558.0,13039010500.0,175
Canadian,2674.0,Mustang,OK,73064.0,40017301410.0,176
Carroll,1766.0,Westminster,MD,21157.0,24013507602.0,177
Centre,2495.0,Centre Hall,PA,16828.0,42027010901.0,178
Charles,419.0,Waldorf,MD,20601.0,24017850802.0,179
Charles,419.0,Waldorf,MD,20603.0,24017850713.0,180
Chelan,2956.0,Ardenvoir,WA,98811.0,53007960100.0,181
Chelan,2956.0,Cashmere,WA,98815.0,53007960501.0,182
Chelan,2956.0,Cashmere,WA,98815.0,53007960502.0,183
Chelan,2956.0,Cashmere,WA,98815.0,53007960600.0,184
Chelan,2956.0,Chelan,WA,98816.0,53007960100.0,185
Chelan,2956.0,Chelan,WA,98816.0,53007960301.0,186
Chelan,2956.0,Chelan,WA,98816.0,53007960302.0,187
Chelan,2956.0,Chelan,WA,98816.0,53007960303.0,188
Chelan,2956.0,Chelan,WA,98816.0,53007960400.0,189
Chelan,2956.0,Chelan Falls,WA,98817.0,53007960301.0,190
Chelan,2956.0,Dryden,WA,98821.0,53007960502.0,191
Chelan,2956.0,Entiat,WA,98822.0,53007960100.0,192
Chelan,2956.0,Leavenworth,WA,98826.0,53007960201.0,193
Chelan,2956.0,Leavenworth,WA,98826.0,53007960202.0,194
Chelan,2956.0,Leavenworth,WA,98826.0,53007960203.0,195
Chelan,2956.0,Leavenworth,WA,98826.0,53007960501.0,196
Chelan,2956.0,Leavenworth,WA,98826.0,53007960502.0,197
Chelan,2956.0,Leavenworth,WA,98847.0,53007960502.0,198
Chelan,2956.0,Malaga,WA,98828.0,53007961200.0,199
Chelan,2956.0,Manson,WA,98831.0,53007960400.0,200
Chelan,2956.0,Monitor,WA,98836.0,53007960502.0,201
Chelan,2956.0,Peshastin,WA,98847.0,53007960501.0,202
Chelan,2956.0,Peshastin,WA,98847.0,53007960502.0,203
Chelan,2956.0,Wenatchee,WA,98801.0,53007960501.0,204
Chelan,2956.0,Wenatchee,WA,98801.0,53007960700.0,205
Chelan,2956.0,Wenatchee,WA,98801.0,53007960801.0,206
Chelan,2956.0,Wenatchee,WA,98801.0,53007960803.0,207
Chelan,2956.0,Wenatchee,WA,98801.0,53007960804.0,208
Chelan,2956.0,Wenatchee,WA,98801.0,53007961001.0,209
Chelan,2956.0,Wenatchee,WA,98801.0,53007961002.0,210
Chelan,2956.0,Wenatchee,WA,98801.0,53007961101.0,211
Chelan,2956.0,Wenatchee,WA,98801.0,53007961102.0,212
Chelan,2956.0,Wenatchee,WA,98801.0,53007961200.0,213
Chelan,2956.0,Wenatchee,WA,98801.0,53007961301.0,214
Chelan,2956.0,Wenatchee,WA,98801.0,53007961303.0,215
Chelan,2956.0,Wenatchee,WA,98801.0,53007961304.0,216
Chesapeake,2907.0,Chesapeake,VA,23320.0,51550020912.0,217
Chesapeake,2907.0,Chesapeake,VA,23321.0,51550021504.0,218
Chesapeake,2907.0,Chesapeake,VA,23322.0,51550021004.0,219
Chesapeake,2907.0,Chesapeake,VA,23322.0,51550021011.0,220
Chesapeake,2907.0,Chesapeake,VA,23323.0,51550021200.0,221
Chesapeake,2907.0,Chesapeake,VA,23323.0,51550021304.0,222
Chesapeake,2907.0,Chesapeake,VA,23323.0,51550021402.0,223
Chesterfield,2764.0,Chester,VA,23831.0,51041100822.0,224
Churchill,2357.0,Fallon,NV,89406.0,32001950700.0,225
Clackamas,2317.0,Clackamas,OR,97015.0,41005023202.0,226
Clackamas,2317.0,Damascus,OR,97089.0,41005023201.0,227
Clackamas,2317.0,Lake Oswego,OR,97034.0,41005020403.0,228
Clackamas,2317.0,Mulino,OR,97042.0,41005023700.0,229
Clackamas,2317.0,Portland,OR,97267.0,41005021300.0,230
Clallam,2976.0,Beaver,WA,98305.0,53009002400.0,231
Clallam,2976.0,Clallam Bay,WA,98326.0,53009002400.0,232
Clallam,2976.0,Forks,WA,98331.0,53009000300.0,233
Clallam,2976.0,Forks,WA,98331.0,53009002400.0,234
Clallam,2976.0,Neah Bay,WA,98357.0,53009940000.0,235
Clallam,2976.0,Port Angeles,WA,98362.0,53009000900.0,236
Clallam,2976.0,Port Angeles,WA,98362.0,53009001000.0,237
Clallam,2976.0,Port Angeles,WA,98362.0,53009001100.0,238
Clallam,2976.0,Port Angeles,WA,98362.0,53009001200.0,239
Clallam,2976.0,Port Angeles,WA,98362.0,53009001300.0,240
Clallam,2976.0,Port Angeles,WA,98362.0,53009001400.0,241
Clallam,2976.0,Port Angeles,WA,98362.0,53009001500.0,242
Clallam,2976.0,Port Angeles,WA,98362.0,53009001600.0,243
Clallam,2976.0,Port Angeles,WA,98362.0,53009001800.0,244
Clallam,2976.0,Port Angeles,WA,98363.0,53009000600.0,245
Clallam,2976.0,Port Angeles,WA,98363.0,53009000700.0,246
Clallam,2976.0,Port Angeles,WA,98363.0,53009000800.0,247
Clallam,2976.0,Port Angeles,WA,98363.0,53009000900.0,248
Clallam,2976.0,Port Angeles,WA,98363.0,53009001500.0,249
Clallam,2976.0,Port Angeles,WA,98363.0,53009002400.0,250
Clallam,2976.0,Sekiu,WA,98381.0,53009002400.0,251
Clallam,2976.0,Sequim,WA,98382.0,53009001600.0,252
Clallam,2976.0,Sequim,WA,98382.0,53009001701.0,253
Clallam,2976.0,Sequim,WA,98382.0,53009001702.0,254
Clallam,2976.0,Sequim,WA,98382.0,53009001800.0,255
Clallam,2976.0,Sequim,WA,98382.0,53009001901.0,256
Clallam,2976.0,Sequim,WA,98382.0,53009001902.0,257
Clallam,2976.0,Sequim,WA,98382.0,53009002001.0,258
Clallam,2976.0,Sequim,WA,98382.0,53009002002.0,259
Clallam,2976.0,Sequim,WA,98382.0,53009002100.0,260
Clallam,2976.0,Sequim,WA,98382.0,53009002301.0,261
Clallam,2976.0,Sequim,WA,98382.0,53009002302.0,262
Clark,480.0,Henderson,NV,89074.0,32003005320.0,263
Clark,480.0,Las Vegas,NV,89113.0,32003002977.0,264
Clark,480.0,Las Vegas,NV,89119.0,32003002848.0,265
Clark,480.0,Las Vegas,NV,89129.0,32003003241.0,266
Clark,480.0,Las Vegas,NV,89137.0,32003003222.0,267
Clark,480.0,Las Vegas,NV,89145.0,32003003227.0,268
Clark,480.0,Las Vegas,NV,89146.0,32003002938.0,269
Clark,480.0,North Las Vegas,NV,89032.0,32003003641.0,270
Clark,480.0,North Las Vegas,NV,89084.0,32003003664.0,271
Clark,480.0,North Las Vegas,NV,89085.0,32003003662.0,272
Clark,2977.0,Amboy,WA,98601.0,53011040101.0,273
Clark,2977.0,Amboy,WA,98601.0,53011040102.0,274
Clark,2977.0,Amboy,WA,98601.0,53011040202.0,275
Clark,2977.0,Battle Ground,WA,98604.0,53011040102.0,276
Clark,2977.0,Battle Ground,WA,98604.0,53011040203.0,277
Clark,2977.0,Battle Ground,WA,98604.0,53011040403.0,278
Clark,2977.0,Battle Ground,WA,98604.0,53011040407.0,279
Clark,2977.0,Battle Ground,WA,98604.0,53011040408.0,280
Clark,2977.0,Battle Ground,WA,98604.0,53011040413.0,281
Clark,2977.0,Battle Ground,WA,98604.0,53011040414.0,282
Clark,2977.0,Battle Ground,WA,98604.0,53011040415.0,283
Clark,2977.0,Battle Ground,WA,98604.0,53011040416.0,284
Clark,2977.0,Battle Ground,WA,98604.0,53011040504.0,285
Clark,2977.0,Battle Ground,WA,98604.0,53011040505.0,286
Clark,2977.0,Brush Prairie,WA,98606.0,53011040504.0,287
Clark,2977.0,Brush Prairie,WA,98606.0,53011040505.0,288
Clark,2977.0,Brush Prairie,WA,98606.0,53011040511.0,289
Clark,2977.0,Brush Prairie,WA,98606.0,53011040603.0,290
Clark,2977.0,Brush Prairie,WA,98606.0,53011040709.0,291
Clark,2977.0,Brush Prairie,WA,98606.0,53011040713.0,292
Clark,2977.0,Brush Prairie,WA,98606.0,53011040715.0,293
Clark,2977.0,Camas,WA,98607.0,53011040510.0,294
Clark,2977.0,Camas,WA,98607.0,53011040511.0,295
Clark,2977.0,Camas,WA,98607.0,53011040603.0,296
Clark,2977.0,Camas,WA,98607.0,53011040604.0,297
Clark,2977.0,Camas,WA,98607.0,53011040605.0,298
Clark,2977.0,Camas,WA,98607.0,53011040608.0,299
Clark,2977.0,Camas,WA,98607.0,53011040609.0,300
Clark,2977.0,Camas,WA,98607.0,53011040610.0,301
Clark,2977.0,Camas,WA,98607.0,53011041321.0,302
Clark,2977.0,Camas,WA,98607.0,53011041325.0,303
Clark,2977.0,Camas,WA,98607.0,53011041328.0,304
Clark,2977.0,Camas,WA,98607.0,53011041400.0,305
Clark,2977.0,Camas,WA,98607.0,53011041500.0,306
Clark,2977.0,La Center,WA,98629.0,53011040201.0,307
Clark,2977.0,La Center,WA,98629.0,53011040202.0,308
Clark,2977.0,La Center,WA,98629.0,53011040203.0,309
Clark,2977.0,Ridgefield,WA,98642.0,53011040201.0,310
Clark,2977.0,Ridgefield,WA,98642.0,53011040301.0,311
Clark,2977.0,Ridgefield,WA,98642.0,53011040303.0,312
Clark,2977.0,Ridgefield,WA,98642.0,53011040304.0,313
Clark,2977.0,Ridgefield,WA,98642.0,53011040305.0,314
Clark,2977.0,Ridgefield,WA,98642.0,53011040403.0,315
Clark,2977.0,Ridgefield,WA,98642.0,53011040409.0,316
Clark,2977.0,Ridgefield,WA,98642.0,53011040412.0,317
Clark,2977.0,Ridgefield,WA,98642.0,53011040905.0,318
Clark,2977.0,Ridgefield,WA,98642.0,53011040910.0,319
Clark,2977.0,Vancouver,WA,98660.0,53011041003.0,320
Clark,2977.0,Vancouver,WA,98660.0,53011041005.0,321
Clark,2977.0,Vancouver,WA,98660.0,53011041900.0,322
Clark,2977.0,Vancouver,WA,98660.0,53011042000.0,323
Clark,2977.0,Vancouver,WA,98660.0,53011042100.0,324
Clark,2977.0,Vancouver,WA,98660.0,53011042300.0,325
Clark,2977.0,Vancouver,WA,98660.0,53011042400.0,326
Clark,2977.0,Vancouver,WA,98660.0,53011042500.0,327
Clark,2977.0,Vancouver,WA,98661.0,53011041105.0,328
Clark,2977.0,Vancouver,WA,98661.0,53011041107.0,329
Clark,2977.0,Vancouver,WA,98661.0,53011041110.0,330
Clark,2977.0,Vancouver,WA,98661.0,53011041111.0,331
Clark,2977.0,Vancouver,WA,98661.0,53011041112.0,332
Clark,2977.0,Vancouver,WA,98661.0,53011041113.0,333
Clark,2977.0,Vancouver,WA,98661.0,53011041203.0,334
Clark,2977.0,Vancouver,WA,98661.0,53011041205.0,335
Clark,2977.0,Vancouver,WA,98661.0,53011041600.0,336
Clark,2977.0,Vancouver,WA,98661.0,53011041700.0,337
Clark,2977.0,Vancouver,WA,98661.0,53011041800.0,338
Clark,2977.0,Vancouver,WA,98661.0,53011042601.0,339
Clark,2977.0,Vancouver,WA,98661.0,53011042602.0,340
Clark,2977.0,Vancouver,WA,98661.0,53011042700.0,341
Clark,2977.0,Vancouver,WA,98661.0,53011042800.0,342
Clark,2977.0,Vancouver,WA,98661.0,53011042900.0,343
Clark,2977.0,Vancouver,WA,98661.0,53011043100.0,344
Clark,2977.0,Vancouver,WA,98662.0,53011040408.0,345
Clark,2977.0,Vancouver,WA,98662.0,53011040703.0,346
Clark,2977.0,Vancouver,WA,98662.0,53011040706.0,347
Clark,2977.0,Vancouver,WA,98662.0,53011040709.0,348
Clark,2977.0,Vancouver,WA,98662.0,53011040711.0,349
Clark,2977.0,Vancouver,WA,98662.0,53011040712.0,350
Clark,2977.0,Vancouver,WA,98662.0,53011040714.0,351
Clark,2977.0,Vancouver,WA,98662.0,53011040806.0,352
Clark,2977.0,Vancouver,WA,98662.0,53011040812.0,353
Clark,2977.0,Vancouver,WA,98662.0,53011041104.0,354
Clark,2977.0,Vancouver,WA,98662.0,53011041107.0,355
Clark,2977.0,Vancouver,WA,98662.0,53011041113.0,356
Clark,2977.0,Vancouver,WA,98662.0,53011041114.0,357
Clark,2977.0,Vancouver,WA,98662.0,53011041203.0,358
Clark,2977.0,Vancouver,WA,98662.0,53011041205.0,359
Clark,2977.0,Vancouver,WA,98662.0,53011041206.0,360
Clark,2977.0,Vancouver,WA,98662.0,53011041312.0,361
Clark,2977.0,Vancouver,WA,98662.0,53011041313.0,362
Clark,2977.0,Vancouver,WA,98662.0,53011041326.0,363
Clark,2977.0,Vancouver,WA,98663.0,53011041003.0,364
Clark,2977.0,Vancouver,WA,98663.0,53011041011.0,365
Clark,2977.0,Vancouver,WA,98663.0,53011041800.0,366
Clark,2977.0,Vancouver,WA,98663.0,53011041900.0,367
Clark,2977.0,Vancouver,WA,98663.0,53011042000.0,368
Clark,2977.0,Vancouver,WA,98663.0,53011042500.0,369
Clark,2977.0,Vancouver,WA,98664.0,53011041205.0,370
Clark,2977.0,Vancouver,WA,98664.0,53011041206.0,371
Clark,2977.0,Vancouver,WA,98664.0,53011041207.0,372
Clark,2977.0,Vancouver,WA,98664.0,53011041208.0,373
Clark,2977.0,Vancouver,WA,98664.0,53011043000.0,374
Clark,2977.0,Vancouver,WA,98664.0,53011043100.0,375
Clark,2977.0,Vancouver,WA,98665.0,53011040803.0,376
Clark,2977.0,Vancouver,WA,98665.0,53011040806.0,377
Clark,2977.0,Vancouver,WA,98665.0,53011040808.0,378
Clark,2977.0,Vancouver,WA,98665.0,53011040809.0,379
Clark,2977.0,Vancouver,WA,98665.0,53011040810.0,380
Clark,2977.0,Vancouver,WA,98665.0,53011040812.0,381
Clark,2977.0,Vancouver,WA,98665.0,53011040905.0,382
Clark,2977.0,Vancouver,WA,98665.0,53011040908.0,383
Clark,2977.0,Vancouver,WA,98665.0,53011041003.0,384
Clark,2977.0,Vancouver,WA,98665.0,53011041005.0,385
Clark,2977.0,Vancouver,WA,98665.0,53011041007.0,386
Clark,2977.0,Vancouver,WA,98665.0,53011041008.0,387
Clark,2977.0,Vancouver,WA,98665.0,53011041009.0,388
Clark,2977.0,Vancouver,WA,98665.0,53011041010.0,389
Clark,2977.0,Vancouver,WA,98665.0,53011041105.0,390
Clark,2977.0,Vancouver,WA,98668.0,53011041600.0,391
Clark,2977.0,Vancouver,WA,98682.0,53011040303.0,392
Clark,2977.0,Vancouver,WA,98682.0,53011040411.0,393
Clark,2977.0,Vancouver,WA,98682.0,53011040603.0,394
Clark,2977.0,Vancouver,WA,98682.0,53011040604.0,395
Clark,2977.0,Vancouver,WA,98682.0,53011040706.0,396
Clark,2977.0,Vancouver,WA,98682.0,53011040707.0,397
Clark,2977.0,Vancouver,WA,98682.0,53011040711.0,398
Clark,2977.0,Vancouver,WA,98682.0,53011040712.0,399
Clark,2977.0,Vancouver,WA,98682.0,53011040713.0,400
Clark,2977.0,Vancouver,WA,98682.0,53011040714.0,401
Clark,2977.0,Vancouver,WA,98682.0,53011041312.0,402
Clark,2977.0,Vancouver,WA,98682.0,53011041313.0,403
Clark,2977.0,Vancouver,WA,98682.0,53011041317.0,404
Clark,2977.0,Vancouver,WA,98682.0,53011041326.0,405
Clark,2977.0,Vancouver,WA,98682.0,53011041330.0,406
Clark,2977.0,Vancouver,WA,98682.0,53011041331.0,407
Clark,2977.0,Vancouver,WA,98682.0,53011041332.0,408
Clark,2977.0,Vancouver,WA,98682.0,53011041333.0,409
Clark,2977.0,Vancouver,WA,98682.0,53011041334.0,410
Clark,2977.0,Vancouver,WA,98682.0,53011041335.0,411
Clark,2977.0,Vancouver,WA,98682.0,53011041336.0,412
Clark,2977.0,Vancouver,WA,98683.0,53011041309.0,413
Clark,2977.0,Vancouver,WA,98683.0,53011041310.0,414
Clark,2977.0,Vancouver,WA,98683.0,53011041322.0,415
Clark,2977.0,Vancouver,WA,98683.0,53011041323.0,416
Clark,2977.0,Vancouver,WA,98683.0,53011041325.0,417
Clark,2977.0,Vancouver,WA,98683.0,53011041328.0,418
Clark,2977.0,Vancouver,WA,98683.0,53011041329.0,419
Clark,2977.0,Vancouver,WA,98684.0,53011040608.0,420
Clark,2977.0,Vancouver,WA,98684.0,53011041317.0,421
Clark,2977.0,Vancouver,WA,98684.0,53011041319.0,422
Clark,2977.0,Vancouver,WA,98684.0,53011041320.0,423
Clark,2977.0,Vancouver,WA,98684.0,53011041321.0,424
Clark,2977.0,Vancouver,WA,98684.0,53011041322.0,425
Clark,2977.0,Vancouver,WA,98684.0,53011041323.0,426
Clark,2977.0,Vancouver,WA,98684.0,53011041334.0,427
Clark,2977.0,Vancouver,WA,98684.0,53011041335.0,428
Clark,2977.0,Vancouver,WA,98684.0,53011041336.0,429
Clark,2977.0,Vancouver,WA,98684.0,53011041337.0,430
Clark,2977.0,Vancouver,WA,98685.0,53011040904.0,431
Clark,2977.0,Vancouver,WA,98685.0,53011040905.0,432
Clark,2977.0,Vancouver,WA,98685.0,53011040907.0,433
Clark,2977.0,Vancouver,WA,98685.0,53011040908.0,434
Clark,2977.0,Vancouver,WA,98685.0,53011040909.0,435
Clark,2977.0,Vancouver,WA,98685.0,53011040910.0,436
Clark,2977.0,Vancouver,WA,98686.0,53011040403.0,437
Clark,2977.0,Vancouver,WA,98686.0,53011040409.0,438
Clark,2977.0,Vancouver,WA,98686.0,53011040411.0,439
Clark,2977.0,Vancouver,WA,98686.0,53011040412.0,440
Clark,2977.0,Vancouver,WA,98686.0,53011040709.0,441
Clark,2977.0,Vancouver,WA,98686.0,53011040803.0,442
Clark,2977.0,Vancouver,WA,98686.0,53011040808.0,443
Clark,2977.0,Vancouver,WA,98686.0,53011040811.0,444
Clark,2977.0,Vancouver,WA,98686.0,53011040812.0,445
Clark,2977.0,Vancouver,WA,98686.0,53011040904.0,446
Clark,2977.0,Washougal,WA,98671.0,53011040507.0,447
Clark,2977.0,Washougal,WA,98671.0,53011040509.0,448
Clark,2977.0,Washougal,WA,98671.0,53011040510.0,449
Clark,2977.0,Washougal,WA,98671.0,53011040511.0,450
Clark,2977.0,Washougal,WA,98671.0,53011040512.0,451
Clark,2977.0,Washougal,WA,98671.0,53011040513.0,452
Clark,2977.0,Washougal,WA,98671.0,53011040605.0,453
Clark,2977.0,Washougal,WA,98671.0,53011041500.0,454
Clark,2977.0,Yacolt,WA,98675.0,53011040101.0,455
Clark,2977.0,Yacolt,WA,98675.0,53011040102.0,456
Clark,2977.0,Yacolt,WA,98675.0,53011040203.0,457
Clark,2977.0,Yacolt,WA,98675.0,53011040504.0,458
Clark,2978.0,Woodland,WA,98674.0,53011040201.0,459
Clark,2978.0,Woodland,WA,98674.0,53011040202.0,460
Clatsop,2318.0,Seaside,OR,97138.0,41007950700.0,461
Clay,42.0,Middleburg,FL,32068.0,12019031203.0,462
Clay,42.0,Orange Park,FL,32065.0,12019030207.0,463
Cleveland,605.0,Norman,OK,73071.0,40027201302.0,464
Cochise,5.0,Fort Huachuca,AZ,85613.0,4003001402.0,465
Collin,3110.0,Frisco,TX,75034.0,48085030407.0,466
Collin,3110.0,Plano,TX,75024.0,48085031659.0,467
Collin,3110.0,Plano,TX,75024.0,48085031660.0,468
Collin,3110.0,Plano,TX,75024.0,48085031670.0,469
Collin,3110.0,Princeton,TX,75407.0,48085031007.0,470
Columbia,940.0,Dayton,WA,99328.0,53013960200.0,471
Columbia,1119.0,Evans,GA,30809.0,13073030307.0,472
Columbia,1119.0,Grovetown,GA,30813.0,13073030306.0,473
Contra Costa,1185.0,Bay Point,CA,94565.0,6013355202.0,474
Contra Costa,1185.0,Walnut Creek,CA,94596.0,6013339003.0,475
Cook,1863.0,Barrington,IL,60010.0,17031804204.0,476
Cook,1863.0,Chicago,IL,60611.0,17031081403.0,477
Cook,1863.0,Chicago,IL,60616.0,17031351000.0,478
Cook,1863.0,Chicago,IL,60659.0,17031020802.0,479
Cook,1863.0,Des Plaines,IL,60016.0,17031805901.0,480
Cook,1863.0,Skokie,IL,60077.0,17031807300.0,481
Cook,1863.0,Streamwood,IL,60107.0,17031804316.0,482
Coryell,821.0,Fort Cavazos,TX,76544.0,48099010503.0,483
Cowlitz,2977.0,Amboy,WA,98601.0,53015001501.0,484
Cowlitz,2978.0,Ariel,WA,98603.0,53015001501.0,485
Cowlitz,2978.0,Castle Rock,WA,98611.0,53015001700.0,486
Cowlitz,2978.0,Castle Rock,WA,98611.0,53015001800.0,487
Cowlitz,2978.0,Castle Rock,WA,98611.0,53015001900.0,488
Cowlitz,2978.0,Castle Rock,WA,98611.0,53015002001.0,489
Cowlitz,2978.0,Castle Rock,WA,98611.0,53015002003.0,490
Cowlitz,2978.0,Castle Rock,WA,98611.0,53015002004.0,491
Cowlitz,2978.0,Cougar,WA,98616.0,53015001501.0,492
Cowlitz,2978.0,Kalama,WA,98625.0,53015001503.0,493
Cowlitz,2978.0,Kalama,WA,98625.0,53015001601.0,494
Cowlitz,2978.0,Kalama,WA,98625.0,53015001602.0,495
Cowlitz,2978.0,Kalama,WA,98625.0,53015001700.0,496
Cowlitz,2978.0,Kelso,WA,98626.0,53015000901.0,497
Cowlitz,2978.0,Kelso,WA,98626.0,53015000902.0,498
Cowlitz,2978.0,Kelso,WA,98626.0,53015001000.0,499
Cowlitz,2978.0,Kelso,WA,98626.0,53015001100.0,500
Cowlitz,2978.0,Kelso,WA,98626.0,53015001200.0,501
Cowlitz,2978.0,Kelso,WA,98626.0,53015001300.0,502
Cowlitz,2978.0,Kelso,WA,98626.0,53015001601.0,503
Cowlitz,2978.0,Kelso,WA,98626.0,53015001602.0,504
Cowlitz,2978.0,Kelso,WA,98626.0,53015001700.0,505
Cowlitz,2978.0,Longview,WA,98632.0,53015000400.0,506
Cowlitz,2978.0,Longview,WA,98632.0,53015000501.0,507
Cowlitz,2978.0,Longview,WA,98632.0,53015000502.0,508
Cowlitz,2978.0,Longview,WA,98632.0,53015000601.0,509
Cowlitz,2978.0,Longview,WA,98632.0,53015000602.0,510
Cowlitz,2978.0,Longview,WA,98632.0,53015000702.0,511
Cowlitz,2978.0,Longview,WA,98632.0,53015000703.0,512
Cowlitz,2978.0,Longview,WA,98632.0,53015000705.0,513
Cowlitz,2978.0,Longview,WA,98632.0,53015000706.0,514
Cowlitz,2978.0,Longview,WA,98632.0,53015000801.0,515
Cowlitz,2978.0,Longview,WA,98632.0,53015000802.0,516
Cowlitz,2978.0,Longview,WA,98632.0,53015000902.0,517
Cowlitz,2978.0,Longview,WA,98632.0,53015001900.0,518
Cowlitz,2978.0,Longview,WA,98632.0,53015002100.0,519
Cowlitz,2978.0,Longview,WA,98632.0,53015980000.0,520
Cowlitz,2978.0,Ryderwood,WA,98581.0,53015002001.0,521
Cowlitz,2978.0,Silver Lake,WA,98645.0,53015002003.0,522
Cowlitz,2978.0,Silverlake,WA,98645.0,53015001800.0,523
Cowlitz,2978.0,Silverlake,WA,98645.0,53015002003.0,524
Cowlitz,2978.0,Silverlake,WA,98645.0,53015002004.0,525
Cowlitz,2978.0,Toutle,WA,98649.0,53015001800.0,526
Cowlitz,2978.0,Woodland,WA,98674.0,53015001501.0,527
Cowlitz,2978.0,Woodland,WA,98674.0,53015001503.0,528
Cowlitz,2978.0,Woodland,WA,98674.0,53015001504.0,529
Cumberland,2293.0,Fayetteville,NC,28303.0,37051000701.0,530
Cumberland,2293.0,Fayetteville,NC,28306.0,37051003102.0,531
Cumberland,2293.0,Fort Bragg,NC,28307.0,37051003501.0,532
Currituck,2294.0,Moyock,NC,27958.0,37053110202.0,533
Cuyahoga,2515.0,Cleveland,OH,44103.0,39035111202.0,534
Dale,97.0,Fort Novosel,AL,36362.0,1045020000.0,535
Dallas,3162.0,Carrollton,TX,75006.0,48113013729.0,536
Dallas,3162.0,Dallas,TX,75208.0,48113004400.0,537
Davidson,2005.0,Nashville,TN,37207.0,47037010903.0,538
DeKalb,1125.0,Decatur,GA,30030.0,13089022900.0,539
DeKalb,1137.0,Atlanta,GA,30316.0,13089020901.0,540
Denver,1444.0,Denver,CO,80206.0,8031003801.0,541
Denver,1444.0,Denver,CO,80209.0,8031003901.0,542
Deschutes,2362.0,Bend,OR,97702.0,41017001502.0,543
District of Columbia,1049.0,Washington,DC,20001.0,11001004802.0,544
District of Columbia,1049.0,Washington,DC,20003.0,11001006600.0,545
District of Columbia,1049.0,Washington,DC,20003.0,11001006804.0,546
District of Columbia,1049.0,Washington,DC,20015.0,11001001004.0,547
District of Columbia,1049.0,Washington,DC,20037.0,11001005503.0,548
Dorchester,1974.0,North Charleston,SC,29420.0,45035010818.0,549
Douglas,2249.0,Elkhorn,NE,68022.0,31055007518.0,550
Douglas,2358.0,Stateline,NV,89449.0,32005001800.0,551
Douglas,2979.0,Bridgeport,WA,98813.0,53017950102.0,552
Douglas,2979.0,East Wenatchee,WA,98802.0,53017950101.0,553
Douglas,2979.0,East Wenatchee,WA,98802.0,53017950200.0,554
Douglas,2979.0,East Wenatchee,WA,98802.0,53017950300.0,555
Douglas,2979.0,East Wenatchee,WA,98802.0,53017950400.0,556
Douglas,2979.0,East Wenatchee,WA,98802.0,53017950500.0,557
Douglas,2979.0,East Wenatchee,WA,98802.0,53017950600.0,558
Douglas,2979.0,East Wenatchee,WA,98802.0,53017950700.0,559
Douglas,2979.0,East Wenatchee,WA,98802.0,53017950800.0,560
Douglas,2979.0,Mansfield,WA,98830.0,53017950102.0,561
Douglas,2979.0,Orondo,WA,98843.0,53017950101.0,562
Douglas,2979.0,Palisades,WA,98845.0,53017950200.0,563
Douglas,2979.0,Rock Island,WA,98850.0,53017950300.0,564
Douglas,2979.0,Waterville,WA,98858.0,53017950101.0,565
Douglas,2979.0,Waterville,WA,98858.0,53017950200.0,566
Douglas,2982.0,Coulee City,WA,99115.0,53017950102.0,567
Douglas,2982.0,Ephrata,WA,98823.0,53017950200.0,568
Douglas,2982.0,Grand Coulee,WA,99133.0,53017950102.0,569
Douglas,2982.0,Quincy,WA,98848.0,53017950300.0,570
Douglas,3133.0,Castle Rock,CO,80104.0,8035014505.0,571
Douglas,3133.0,Littleton,CO,80125.0,8035014208.0,572
Douglas,3198.0,Bridgeport Bar,WA,98812.0,53017950101.0,573
Douglas,3198.0,Coulee Dam,WA,99116.0,53017950102.0,574
Douglas,3198.0,Mansfield,WA,98812.0,53017950101.0,575
Doña Ana,2724.0,Las Cruces,NM,88011.0,35013001208.0,576
DuPage,1866.0,Lisle,IL,60532.0,17043846102.0,577
Duval,1098.0,Jacksonville,FL,32205.0,12031002502.0,578
Duval,1098.0,Jacksonville,FL,32205.0,12031012202.0,579
Duval,1098.0,Jacksonville,FL,32207.0,12031015702.0,580
Duval,1098.0,Jacksonville,FL,32218.0,12031010101.0,581
Duval,1098.0,Jacksonville,FL,32218.0,12031010301.0,582
Duval,1098.0,Jacksonville,FL,32233.0,12031013906.0,583
Duval,1098.0,Jacksonville,FL,32256.0,12031014413.0,584
Duval,1098.0,Jacksonville,FL,32258.0,12031016809.0,585
Duval,1098.0,Jacksonville Beach,FL,32250.0,12031014101.0,586
El Paso,1447.0,Colorado Springs,CO,80901.0,8041002300.0,587
El Paso,1447.0,Colorado Springs,CO,80902.0,8041004405.0,588
El Paso,1447.0,Colorado Springs,CO,80908.0,8041007502.0,589
El Paso,1447.0,Colorado Springs,CO,80913.0,8041004406.0,590
El Paso,1447.0,Colorado Springs,CO,80917.0,8041005700.0,591
El Paso,1447.0,Colorado Springs,CO,80920.0,8041007103.0,592
El Paso,1447.0,Colorado Springs,CO,80921.0,8041007205.0,593
El Paso,1447.0,Colorado Springs,CO,80924.0,8041007105.0,594
El Paso,1447.0,Colorado Springs,CO,80924.0,8041007106.0,595
El Paso,1447.0,Colorado Springs,CO,80927.0,8041005122.0,596
El Paso,1447.0,Monument,CO,80132.0,8041007301.0,597
El Paso,3172.0,El Paso,TX,79908.0,48141010101.0,598
El Paso,3172.0,El Paso,TX,79934.0,48141010210.0,599
El Paso,3172.0,El Paso,TX,79938.0,48141010367.0,600
El Paso,3172.0,El Paso,TX,79938.0,48141010369.0,601
Escambia,43.0,Pensacola,FL,32503.0,12033001002.0,602
Escambia,43.0,Pensacola,FL,32504.0,12033001101.0,603
Essex,2486.0,Montclair,NJ,7042.0,34013017000.0,604
Fairfax,930.0,Falls Church,VA,22046.0,51059470900.0,605
Fairfax,2770.0,Alexandria,VA,22308.0,51059415500.0,606
Fairfax,2770.0,Alexandria,VA,22308.0,51059415700.0,607
Fairfax,2770.0,Alexandria,VA,22309.0,51059415900.0,608
Fairfax,2770.0,Alexandria,VA,22312.0,51059452501.0,609
Fairfax,2770.0,Burke,VA,22015.0,51059432000.0,610
Fairfax,2770.0,Burke,VA,22015.0,51059432402.0,611
Fairfax,2770.0,Falls Church,VA,22041.0,51059452700.0,612
Fairfax,2770.0,Fort Belvoir,VA,22060.0,51059416200.0,613
Fairfax,2770.0,Herndon,VA,20171.0,51059481105.0,614
Fairfax,2770.0,Herndon,VA,20171.0,51059482506.0,615
Fairfax,2770.0,Lorton,VA,22079.0,51059422201.0,616
Fairfax,2770.0,Mc Lean,VA,22101.0,51059470700.0,617
Fairfax,2770.0,Springfield,VA,22151.0,51059430400.0,618
Fairfax,2770.0,Springfield,VA,22151.0,51059452501.0,619
Fairfax,2770.0,Springfield,VA,22152.0,51059430801.0,620
Fairfax,2770.0,Springfield,VA,22152.0,51059430901.0,621
Fairfax,2770.0,Springfield,VA,22152.0,51059431500.0,622
Fairfax,2770.0,Springfield,VA,22153.0,51059492202.0,623
Fairfax,2770.0,Vienna,VA,22180.0,51059460702.0,624
Fairfax,2770.0,Vienna,VA,22180.0,51059461000.0,625
Fayette,1230.0,Lexington,KY,40503.0,21067002900.0,626
Ferry,2741.0,Kettle Falls,WA,99141.0,53019970100.0,627
Ferry,2980.0,Curlew,WA,99118.0,53019970100.0,628
Ferry,2980.0,Danville,WA,99121.0,53019970100.0,629
Ferry,2980.0,Inchelium,WA,99138.0,53019940000.0,630
Ferry,2980.0,Malo,WA,99150.0,53019970200.0,631
Ferry,2980.0,Orient,WA,99160.0,53019970100.0,632
Ferry,2980.0,Republic,WA,99166.0,53019940000.0,633
Ferry,2980.0,Republic,WA,99166.0,53019970100.0,634
Ferry,2980.0,Republic,WA,99166.0,53019970200.0,635
Forsyth,1136.0,Cumming,GA,30041.0,13117130613.0,636
Fort Bend,3190.0,Fulshear,TX,77441.0,48157673202.0,637
Franklin,2506.0,Waynesboro,PA,17268.0,42055012001.0,638
Franklin,2953.0,Othello,WA,99344.0,53021020801.0,639
Franklin,2981.0,Connell,WA,99326.0,53021020700.0,640
Franklin,2981.0,Connell,WA,99326.0,53021020801.0,641
Franklin,2981.0,Connell,WA,99326.0,53021020802.0,642
Franklin,2981.0,Eltopia,WA,99330.0,53021020608.0,643
Franklin,2981.0,Eltopia,WA,99330.0,53021020700.0,644
Franklin,2981.0,Kahlotus,WA,99335.0,53021020700.0,645
Franklin,2981.0,Mesa,WA,99343.0,53021020608.0,646
Franklin,2981.0,Mesa,WA,99343.0,53021020801.0,647
Franklin,2981.0,Mesa,WA,99343.0,53021020802.0,648
Franklin,2981.0,Pasc,WA,99301.0,53021020102.0,649
Franklin,2981.0,Pasc,WA,99301.0,53021020503.0,650
Franklin,2981.0,Pasc,WA,99301.0,53021020608.0,651
Franklin,2981.0,Pasco,WA,99301.0,53021020101.0,652
Franklin,2981.0,Pasco,WA,99301.0,53021020102.0,653
Franklin,2981.0,Pasco,WA,99301.0,53021020103.0,654
Franklin,2981.0,Pasco,WA,99301.0,53021020201.0,655
Franklin,2981.0,Pasco,WA,99301.0,53021020202.0,656
Franklin,2981.0,Pasco,WA,99301.0,53021020300.0,657
Franklin,2981.0,Pasco,WA,99301.0,53021020401.0,658
Franklin,2981.0,Pasco,WA,99301.0,53021020402.0,659
Franklin,2981.0,Pasco,WA,99301.0,53021020403.0,660
Franklin,2981.0,Pasco,WA,99301.0,53021020404.0,661
Franklin,2981.0,Pasco,WA,99301.0,53021020501.0,662
Franklin,2981.0,Pasco,WA,99301.0,53021020503.0,663
Franklin,2981.0,Pasco,WA,99301.0,53021020504.0,664
Franklin,2981.0,Pasco,WA,99301.0,53021020603.0,665
Franklin,2981.0,Pasco,WA,99301.0,53021020605.0,666
Franklin,2981.0,Pasco,WA,99301.0,53021020606.0,667
Franklin,2981.0,Pasco,WA,99301.0,53021020607.0,668
Franklin,2981.0,Pasco,WA,99301.0,53021020608.0,669
Franklin,2981.0,Pasco,WA,99301.0,53021020700.0,670
Franklin,2981.0,Pasco,WA,99301.0,53021980100.0,671
Frederick,1768.0,Frederick,MD,21701.0,24021750200.0,672
Frederick,1768.0,Frederick,MD,21702.0,24021751201.0,673
Frederick,1768.0,Middletown,MD,21769.0,24021752603.0,674
Fresno,1188.0,Fresno,CA,93722.0,6019004211.0,675
Galveston,3193.0,League City,TX,77573.0,48167720702.0,676
Garfield,941.0,Pomeroy,WA,99347.0,53023970300.0,677
Garfield,2720.0,Enid,OK,73703.0,40047001301.0,678
Goochland,2781.0,Henrico,VA,23238.0,51075400102.0,679
Grant,2953.0,Othello,WA,99344.0,53025011401.0,680
Grant,2982.0,Coulee City,WA,99115.0,53025010100.0,681
Grant,2982.0,Electric City,WA,99123.0,53025010100.0,682
Grant,2982.0,Ephrata,WA,98823.0,53025010300.0,683
Grant,2982.0,Ephrata,WA,98823.0,53025010401.0,684
Grant,2982.0,Ephrata,WA,98823.0,53025010402.0,685
Grant,2982.0,Ephrata,WA,98823.0,53025010500.0,686
Grant,2982.0,Ephrata,WA,98823.0,53025011200.0,687
Grant,2982.0,Grand Coulee,WA,99133.0,53025010100.0,688
Grant,2982.0,Hartline,WA,99135.0,53025010100.0,689
Grant,2982.0,Lakeview,WA,98851.0,53025010300.0,690
Grant,2982.0,Marlin,WA,98832.0,53025010200.0,691
Grant,2982.0,Mattawa,WA,99349.0,53025011403.0,692
Grant,2982.0,Mattawa,WA,99349.0,53025011406.0,693
Grant,2982.0,Moses Lake,WA,98837.0,53025010200.0,694
Grant,2982.0,Moses Lake,WA,98837.0,53025010700.0,695
Grant,2982.0,Moses Lake,WA,98837.0,53025010800.0,696
Grant,2982.0,Moses Lake,WA,98837.0,53025010901.0,697
Grant,2982.0,Moses Lake,WA,98837.0,53025010903.0,698
Grant,2982.0,Moses Lake,WA,98837.0,53025010904.0,699
Grant,2982.0,Moses Lake,WA,98837.0,53025011001.0,700
Grant,2982.0,Moses Lake,WA,98837.0,53025011002.0,701
Grant,2982.0,Moses Lake,WA,98837.0,53025011101.0,702
Grant,2982.0,Moses Lake,WA,98837.0,53025011102.0,703
Grant,2982.0,Moses Lake,WA,98837.0,53025011200.0,704
Grant,2982.0,Quincy,WA,98848.0,53025010500.0,705
Grant,2982.0,Quincy,WA,98848.0,53025010600.0,706
Grant,2982.0,Quincy,WA,98848.0,53025010700.0,707
Grant,2982.0,Quincy,WA,98848.0,53025011200.0,708
Grant,2982.0,Quincy,WA,98848.0,53025011404.0,709
Grant,2982.0,Royal City,WA,99357.0,53025010700.0,710
Grant,2982.0,Royal City,WA,99357.0,53025011401.0,711
Grant,2982.0,Royal City,WA,99357.0,53025011404.0,712
Grant,2982.0,Royal City,WA,99357.0,53025011405.0,713
Grant,2982.0,Soap Lake,WA,98851.0,53025010200.0,714
Grant,2982.0,Soap Lake,WA,98851.0,53025010300.0,715
Grant,2982.0,Stratford,WA,98853.0,53025010100.0,716
Grant,2982.0,Warden,WA,98857.0,53025011300.0,717
Grant,3197.0,Almira,WA,99103.0,53025010100.0,718
Grays Harbor,2983.0,Aberdeen,WA,98520.0,53027000300.0,719
Grays Harbor,2983.0,Aberdeen,WA,98520.0,53027000800.0,720
Grays Harbor,2983.0,Aberdeen,WA,98520.0,53027000900.0,721
Grays Harbor,2983.0,Aberdeen,WA,98520.0,53027001000.0,722
Grays Harbor,2983.0,Aberdeen,WA,98520.0,53027001100.0,723
Grays Harbor,2983.0,Aberdeen,WA,98520.0,53027001200.0,724
Grays Harbor,2983.0,Aberdeen,WA,98520.0,53027001300.0,725
Grays Harbor,2983.0,Aberdeen,WA,98520.0,53027001602.0,726
Grays Harbor,2983.0,Amanda Park,WA,98526.0,53027000300.0,727
Grays Harbor,2983.0,Amanda Park,WA,98526.0,53027940000.0,728
Grays Harbor,2983.0,Copalis Beach,WA,98535.0,53027000202.0,729
Grays Harbor,2983.0,Copalis Crossing,WA,98536.0,53027000202.0,730
Grays Harbor,2983.0,Cosmopolis,WA,98537.0,53027000700.0,731
Grays Harbor,2983.0,Cosmopolis,WA,98537.0,53027000900.0,732
Grays Harbor,2983.0,Elma,WA,98541.0,53027000501.0,733
Grays Harbor,2983.0,Elma,WA,98541.0,53027000502.0,734
Grays Harbor,2983.0,Elma,WA,98541.0,53027000600.0,735
Grays Harbor,2983.0,Elma,WA,98541.0,53027000700.0,736
Grays Harbor,2983.0,Grayland,WA,98547.0,53027001602.0,737
Grays Harbor,2983.0,Hoquiam,WA,98550.0,53027000202.0,738
Grays Harbor,2983.0,Hoquiam,WA,98550.0,53027000300.0,739
Grays Harbor,2983.0,Hoquiam,WA,98550.0,53027001300.0,740
Grays Harbor,2983.0,Hoquiam,WA,98550.0,53027001400.0,741
Grays Harbor,2983.0,Hoquiam,WA,98550.0,53027001500.0,742
Grays Harbor,2983.0,McCleary,WA,98557.0,53027000600.0,743
Grays Harbor,2983.0,Mccleary,WA,98557.0,53027000600.0,744
Grays Harbor,2983.0,Moclips,WA,98562.0,53027000202.0,745
Grays Harbor,2983.0,Montesano,WA,98563.0,53027000401.0,746
Grays Harbor,2983.0,Montesano,WA,98563.0,53027000402.0,747
Grays Harbor,2983.0,Montesano,WA,98563.0,53027000700.0,748
Grays Harbor,2983.0,Montesano,WA,98563.0,53027000800.0,749
Grays Harbor,2983.0,Oakville,WA,98568.0,53027000700.0,750
Grays Harbor,2983.0,Ocean Shores,WA,98569.0,53027000201.0,751
Grays Harbor,2983.0,Ocean Shores,WA,98569.0,53027000202.0,752
Grays Harbor,2983.0,Pacific Beach,WA,98571.0,53027000202.0,753
Grays Harbor,2983.0,Quinault,WA,98575.0,53027000300.0,754
Grays Harbor,2983.0,Satsop,WA,98583.0,53027000501.0,755
Grays Harbor,2983.0,Taholah,WA,98587.0,53027940000.0,756
Grays Harbor,2983.0,Westport,WA,98595.0,53027001601.0,757
Grays Harbor,2983.0,Westport,WA,98595.0,53027001602.0,758
Greene,2522.0,Beavercreek,OH,45434.0,39057210500.0,759
Guam,,Dededo,GU,96929.0,66010950702.0,760
Gwinnett,1377.0,Duluth,GA,30096.0,13135050325.0,761
Hamilton,2562.0,Cincinnati,OH,45243.0,39061024100.0,762
Hamilton,2562.0,Norwood,OH,45212.0,39061025401.0,763
Hampden,1913.0,Feeding Hills,MA,1030.0,25013813206.0,764
Hardin,1283.0,Rineyville,KY,40162.0,21093000904.0,765
Harford,1813.0,Aberdeen Proving Ground,MD,21005.0,24025306500.0,766
Harford,1813.0,Abingdon,MD,21009.0,24025301107.0,767
Harford,1813.0,Gunpowder,MD,21010.0,24025306500.0,768
Harford,1813.0,Havre De Grace,MD,21078.0,24025306400.0,769
Harnett,2344.0,Bunnlevel,NC,28323.0,37085071204.0,770
Harnett,2390.0,Sanford,NC,27332.0,37085071303.0,771
Harris,2024.0,Baytown,TX,77521.0,48201253602.0,772
Harris,2024.0,Houston,TX,77002.0,48201980700.0,773
Harris,2024.0,Houston,TX,77057.0,48201431506.0,774
Harrison,1644.0,Biloxi,MS,39532.0,28047003405.0,775
Hartford,1041.0,Bristol,CT,6010.0,9003405900.0,776
Hartford,1041.0,Newington,CT,6111.0,9003494201.0,777
Hennepin,1406.0,Minneapolis,MN,55414.0,27053104902.0,778
Hernando,1106.0,Spring Hill,FL,34606.0,12053041201.0,779
Hillsborough,1107.0,Tampa,FL,33608.0,12057007300.0,780
Hillsborough,1107.0,Tampa,FL,33610.0,12057002000.0,781
Hillsborough,1107.0,Tampa,FL,33619.0,12057013602.0,782
Hillsborough,1107.0,Tampa,FL,33647.0,12057010211.0,783
Hillsborough,,Tampa,FL,33611.0,12057006802.0,784
Hoke,652.0,Lumber Bridge,NC,28357.0,37093970401.0,785
Hoke,2385.0,Raeford,NC,28376.0,37093970109.0,786
Horry,656.0,Galivants Ferry,SC,29544.0,45051080102.0,787
Houston,1416.0,Warner Robins,GA,31098.0,13153020600.0,788
Houston,1551.0,Dothan,AL,36303.0,1069041500.0,789
Howard,421.0,Ellicott City,MD,21042.0,24027602201.0,790
Howard,421.0,Laurel,MD,20723.0,24027606805.0,791
Hudson,488.0,Harrison,NJ,7029.0,34017013800.0,792
Hudson,488.0,Harrison,NJ,7029.0,34017013900.0,793
Island,3007.0,Camano Island,WA,98282.0,53029971400.0,794
Island,3007.0,Camano Island,WA,98282.0,53029971500.0,795
Island,3007.0,Camano Island,WA,98282.0,53029971600.0,796
Island,3007.0,Camano Island,WA,98282.0,53029971700.0,797
Island,3007.0,Coupeville,WA,98239.0,53029971000.0,798
Island,3007.0,Coupeville,WA,98239.0,53029971100.0,799
Island,3007.0,Coupeville,WA,98239.0,53029971301.0,800
Island,3007.0,Coupeville,WA,98239.0,53029971302.0,801
Island,3007.0,Coupeville,WA,98253.0,53029971301.0,802
Island,3007.0,Freeland,WA,98249.0,53029971301.0,803
Island,3007.0,Freeland,WA,98249.0,53029971302.0,804
Island,3007.0,Freeland,WA,98249.0,53029971800.0,805
Island,3007.0,Freeland,WA,98249.0,53029971900.0,806
Island,3007.0,Greenbank,WA,98253.0,53029971301.0,807
Island,3007.0,Greenbank,WA,98253.0,53029971302.0,808
Island,3007.0,Langley,WA,98249.0,53029971800.0,809
Island,3007.0,Langley,WA,98260.0,53029971800.0,810
Island,3007.0,Langley,WA,98260.0,53029971900.0,811
Island,3007.0,Langley,WA,98260.0,53029972000.0,812
Island,3007.0,Oak Harbor,WA,98277.0,53029970100.0,813
Island,3007.0,Oak Harbor,WA,98277.0,53029970200.0,814
Island,3007.0,Oak Harbor,WA,98277.0,53029970300.0,815
Island,3007.0,Oak Harbor,WA,98277.0,53029970401.0,816
Island,3007.0,Oak Harbor,WA,98277.0,53029970402.0,817
Island,3007.0,Oak Harbor,WA,98277.0,53029970500.0,818
Island,3007.0,Oak Harbor,WA,98277.0,53029970601.0,819
Island,3007.0,Oak Harbor,WA,98277.0,53029970602.0,820
Island,3007.0,Oak Harbor,WA,98277.0,53029970700.0,821
Island,3007.0,Oak Harbor,WA,98277.0,53029970800.0,822
Island,3007.0,Oak Harbor,WA,98277.0,53029970900.0,823
Island,3007.0,Oak Harbor,WA,98277.0,53029971000.0,824
Island,3007.0,Oak Harbor,WA,98278.0,53029970200.0,825
Island,,Clinton,WA,98236.0,53029971800.0,826
Island,,Clinton,WA,98236.0,53029972000.0,827
Island,,Clinton,WA,98236.0,53029972100.0,828
James City,2810.0,Toano,VA,23168.0,51095080402.0,829
Jefferson,1327.0,Louisville,KY,40207.0,21111010602.0,830
Jefferson,1327.0,Louisville,KY,40214.0,21111012206.0,831
Jefferson,1583.0,Bessemer,AL,35022.0,1073014206.0,832
Jefferson,1627.0,Terrytown,LA,70056.0,22051025201.0,833
Jefferson,2089.0,Fort Drum,NY,13602.0,36045060806.0,834
Jefferson,2089.0,Watertown,NY,13603.0,36045060805.0,835
Jefferson,2976.0,Forks,WA,98331.0,53031950702.0,836
Jefferson,2976.0,Gardiner,WA,98382.0,53031950501.0,837
Jefferson,2976.0,Sequim,WA,98382.0,53031950501.0,838
Jefferson,3008.0,Brinnon,WA,98320.0,53031950702.0,839
Jefferson,3008.0,Chimacum,WA,98325.0,53031950301.0,840
Jefferson,3008.0,Chimacum,WA,98325.0,53031950302.0,841
Jefferson,3008.0,Chimacum,WA,98325.0,53031950400.0,842
Jefferson,3008.0,Chimacum,WA,98325.0,53031950501.0,843
Jefferson,3008.0,Nordland,WA,98358.0,53031950400.0,844
Jefferson,3008.0,Port Hadlock,WA,98339.0,53031950302.0,845
Jefferson,3008.0,Port Hadlock,WA,98339.0,53031950400.0,846
Jefferson,3008.0,Port Hadlock,WA,98339.0,53031950501.0,847
Jefferson,3008.0,Port Ludlow,WA,98365.0,53031950301.0,848
Jefferson,3008.0,Port Ludlow,WA,98365.0,53031950302.0,849
Jefferson,3008.0,Port Townsend,WA,98325.0,53031950501.0,850
Jefferson,3008.0,Port Townsend,WA,98368.0,53031950400.0,851
Jefferson,3008.0,Port Townsend,WA,98368.0,53031950501.0,852
Jefferson,3008.0,Port Townsend,WA,98368.0,53031950502.0,853
Jefferson,3008.0,Port Townsend,WA,98368.0,53031950602.0,854
Jefferson,3008.0,Port Townsend,WA,98368.0,53031950603.0,855
Jefferson,3008.0,Port Townsend,WA,98368.0,53031950604.0,856
Jefferson,3008.0,Quilcene,WA,98376.0,53031950202.0,857
Jefferson,3008.0,Quilcene,WA,98376.0,53031950301.0,858
Johnson,526.0,Warrensburg,MO,64093.0,29101960402.0,859
Kane,1715.0,Geneva,IL,60134.0,17089854505.0,860
Kauai,1658.0,Hanapepe,HI,96716.0,15007040800.0,861
Kent,1046.0,Dover,DE,19904.0,10001041400.0,862
Kent,2658.0,Greene,RI,2827.0,44003020702.0,863
Kent,2658.0,Warwick,RI,2886.0,44003021100.0,864
Kern,1192.0,California City,CA,93505.0,6029005512.0,865
Kern,1192.0,Edwards,CA,93523.0,6029005700.0,866
King,3009.0,Algona,WA,98001.0,53033030901.0,867
King,3009.0,Algona,WA,98001.0,53033030902.0,868
King,3009.0,Auburn,WA,98001.0,53033029804.0,869
King,3009.0,Auburn,WA,98001.0,53033029805.0,870
King,3009.0,Auburn,WA,98001.0,53033029806.0,871
King,3009.0,Auburn,WA,98001.0,53033029901.0,872
King,3009.0,Auburn,WA,98001.0,53033029902.0,873
King,3009.0,Auburn,WA,98001.0,53033030404.0,874
King,3009.0,Auburn,WA,98001.0,53033030405.0,875
King,3009.0,Auburn,WA,98001.0,53033030406.0,876
King,3009.0,Auburn,WA,98001.0,53033030407.0,877
King,3009.0,Auburn,WA,98001.0,53033030501.0,878
King,3009.0,Auburn,WA,98001.0,53033030801.0,879
King,3009.0,Auburn,WA,98002.0,53033030501.0,880
King,3009.0,Auburn,WA,98002.0,53033030503.0,881
King,3009.0,Auburn,WA,98002.0,53033030504.0,882
King,3009.0,Auburn,WA,98002.0,53033030600.0,883
King,3009.0,Auburn,WA,98002.0,53033030700.0,884
King,3009.0,Auburn,WA,98002.0,53033030801.0,885
King,3009.0,Auburn,WA,98002.0,53033030802.0,886
King,3009.0,Auburn,WA,98002.0,53033031101.0,887
King,3009.0,Auburn,WA,98002.0,53033031102.0,888
King,3009.0,Auburn,WA,98042.0,53033031601.0,889
King,3009.0,Auburn,WA,98092.0,53033029602.0,890
King,3009.0,Auburn,WA,98092.0,53033029604.0,891
King,3009.0,Auburn,WA,98092.0,53033029702.0,892
King,3009.0,Auburn,WA,98092.0,53033030404.0,893
King,3009.0,Auburn,WA,98092.0,53033030503.0,894
King,3009.0,Auburn,WA,98092.0,53033030600.0,895
King,3009.0,Auburn,WA,98092.0,53033031000.0,896
King,3009.0,Auburn,WA,98092.0,53033031101.0,897
King,3009.0,Auburn,WA,98092.0,53033031102.0,898
King,3009.0,Auburn,WA,98092.0,53033031202.0,899
King,3009.0,Auburn,WA,98092.0,53033031204.0,900
King,3009.0,Auburn,WA,98092.0,53033031206.0,901
King,3009.0,Auburn,WA,98092.0,53033031207.0,902
King,3009.0,Auburn,WA,98092.0,53033031208.0,903
King,3009.0,Auburn,WA,98092.0,53033031601.0,904
King,3009.0,Auburn,WA,98092.0,53033031603.0,905
King,3009.0,Auburn,WA,98092.0,53033031605.0,906
King,3009.0,Baring,WA,98224.0,53033032800.0,907
King,3009.0,Beaux Arts,WA,98004.0,53033023901.0,908
King,3009.0,Beaux Arts,WA,98004.0,53033024001.0,909
King,3009.0,Bellevue,WA,98004.0,53033023601.0,910
King,3009.0,Bellevue,WA,98004.0,53033023701.0,911
King,3009.0,Bellevue,WA,98004.0,53033023702.0,912
King,3009.0,Bellevue,WA,98004.0,53033023801.0,913
King,3009.0,Bellevue,WA,98004.0,53033023805.0,914
King,3009.0,Bellevue,WA,98004.0,53033023806.0,915
King,3009.0,Bellevue,WA,98004.0,53033023807.0,916
King,3009.0,Bellevue,WA,98004.0,53033023808.0,917
King,3009.0,Bellevue,WA,98004.0,53033023901.0,918
King,3009.0,Bellevue,WA,98004.0,53033023902.0,919
King,3009.0,Bellevue,WA,98004.0,53033024001.0,920
King,3009.0,Bellevue,WA,98004.0,53033024002.0,921
King,3009.0,Bellevue,WA,98004.0,53033024100.0,922
King,3009.0,Bellevue,WA,98005.0,53033022804.0,923
King,3009.0,Bellevue,WA,98005.0,53033022805.0,924
King,3009.0,Bellevue,WA,98005.0,53033023401.0,925
King,3009.0,Bellevue,WA,98005.0,53033023500.0,926
King,3009.0,Bellevue,WA,98005.0,53033023601.0,927
King,3009.0,Bellevue,WA,98005.0,53033023603.0,928
King,3009.0,Bellevue,WA,98005.0,53033023604.0,929
King,3009.0,Bellevue,WA,98005.0,53033023701.0,930
King,3009.0,Bellevue,WA,98005.0,53033023702.0,931
King,3009.0,Bellevue,WA,98005.0,53033023801.0,932
King,3009.0,Bellevue,WA,98006.0,53033023902.0,933
King,3009.0,Bellevue,WA,98006.0,53033024701.0,934
King,3009.0,Bellevue,WA,98006.0,53033024704.0,935
King,3009.0,Bellevue,WA,98006.0,53033024800.0,936
King,3009.0,Bellevue,WA,98006.0,53033024901.0,937
King,3009.0,Bellevue,WA,98006.0,53033024902.0,938
King,3009.0,Bellevue,WA,98006.0,53033024904.0,939
King,3009.0,Bellevue,WA,98006.0,53033024905.0,940
King,3009.0,Bellevue,WA,98006.0,53033025001.0,941
King,3009.0,Bellevue,WA,98006.0,53033025006.0,942
King,3009.0,Bellevue,WA,98006.0,53033025007.0,943
King,3009.0,Bellevue,WA,98006.0,53033025008.0,944
King,3009.0,Bellevue,WA,98007.0,53033022804.0,945
King,3009.0,Bellevue,WA,98007.0,53033022805.0,946
King,3009.0,Bellevue,WA,98007.0,53033023000.0,947
King,3009.0,Bellevue,WA,98007.0,53033023201.0,948
King,3009.0,Bellevue,WA,98007.0,53033023202.0,949
King,3009.0,Bellevue,WA,98007.0,53033023300.0,950
King,3009.0,Bellevue,WA,98007.0,53033023401.0,951
King,3009.0,Bellevue,WA,98007.0,53033023403.0,952
King,3009.0,Bellevue,WA,98007.0,53033023603.0,953
King,3009.0,Bellevue,WA,98007.0,53033023604.0,954
King,3009.0,Bellevue,WA,98007.0,53033023702.0,955
King,3009.0,Bellevue,WA,98008.0,53033022901.0,956
King,3009.0,Bellevue,WA,98008.0,53033023000.0,957
King,3009.0,Bellevue,WA,98008.0,53033023100.0,958
King,3009.0,Bellevue,WA,98008.0,53033023202.0,959
King,3009.0,Bellevue,WA,98008.0,53033023300.0,960
King,3009.0,Bellevue,WA,98008.0,53033023403.0,961
King,3009.0,Bellevue,WA,98027.0,53033024800.0,962
King,3009.0,Bellevue,WA,98027.0,53033024902.0,963
King,3009.0,Bellevue,WA,98027.0,53033025006.0,964
King,3009.0,Bellevue,WA,98027.0,53033025008.0,965
King,3009.0,Bellevue,WA,98033.0,53033023701.0,966
King,3009.0,Black Diamond,WA,98010.0,53033031603.0,967
King,3009.0,Black Diamond,WA,98010.0,53033031605.0,968
King,3009.0,Black Diamond,WA,98042.0,53033031605.0,969
King,3009.0,Bothell,WA,98011.0,53033021701.0,970
King,3009.0,Bothell,WA,98011.0,53033021702.0,971
King,3009.0,Bothell,WA,98011.0,53033021802.0,972
King,3009.0,Bothell,WA,98011.0,53033021803.0,973
King,3009.0,Bothell,WA,98011.0,53033021804.0,974
King,3009.0,Bothell,WA,98011.0,53033021905.0,975
King,3009.0,Bothell,WA,98011.0,53033022001.0,976
King,3009.0,Bothell,WA,98011.0,53033022102.0,977
King,3009.0,Bothell,WA,98028.0,53033021702.0,978
King,3009.0,Bothell,WA,98028.0,53033022102.0,979
King,3009.0,Bothell,WA,98034.0,53033022001.0,980
King,3009.0,Bothell,WA,98041.0,53033021804.0,981
King,3009.0,Bothell,WA,98072.0,53033021802.0,982
King,3009.0,Burien,WA,98146.0,53033026700.0,983
King,3009.0,Burien,WA,98146.0,53033026802.0,984
King,3009.0,Burien,WA,98146.0,53033027500.0,985
King,3009.0,Burien,WA,98146.0,53033027600.0,986
King,3009.0,Burien,WA,98148.0,53033028000.0,987
King,3009.0,Burien,WA,98148.0,53033028402.0,988
King,3009.0,Burien,WA,98148.0,53033028500.0,989
King,3009.0,Burien,WA,98166.0,53033027500.0,990
King,3009.0,Burien,WA,98166.0,53033027600.0,991
King,3009.0,Burien,WA,98166.0,53033027800.0,992
King,3009.0,Burien,WA,98166.0,53033027901.0,993
King,3009.0,Burien,WA,98166.0,53033027902.0,994
King,3009.0,Burien,WA,98166.0,53033028600.0,995
King,3009.0,Burien,WA,98168.0,53033026400.0,996
King,3009.0,Burien,WA,98168.0,53033027000.0,997
King,3009.0,Burien,WA,98168.0,53033027100.0,998
King,3009.0,Burien,WA,98168.0,53033027400.0,999
King,3009.0,Burien,WA,98168.0,53033028000.0,1000
King,3009.0,Carnation,WA,98014.0,53033032315.0,1001
King,3009.0,Carnation,WA,98014.0,53033032402.0,1002
King,3009.0,Carnation,WA,98014.0,53033032500.0,1003
King,3009.0,Carnation,WA,98014.0,53033032601.0,1004
King,3009.0,Carnation,WA,98019.0,53033032401.0,1005
King,3009.0,Carnation,WA,98053.0,53033032315.0,1006
King,3009.0,Clyde Hill,WA,98004.0,53033024100.0,1007
King,3009.0,Covington,WA,98042.0,53033031704.0,1008
King,3009.0,Covington,WA,98042.0,53033031705.0,1009
King,3009.0,Covington,WA,98042.0,53033031707.0,1010
King,3009.0,Covington,WA,98042.0,53033031708.0,1011
King,3009.0,Covington,WA,98042.0,53033031709.0,1012
King,3009.0,Covington,WA,98042.0,53033031710.0,1013
King,3009.0,Covington,WA,98042.0,53033032005.0,1014
King,3009.0,Covington,WA,98042.0,53033032006.0,1015
King,3009.0,Covington,WA,98042.0,53033032007.0,1016
King,3009.0,Des Moines,WA,98032.0,53033029003.0,1017
King,3009.0,Des Moines,WA,98032.0,53033030003.0,1018
King,3009.0,Des Moines,WA,98148.0,53033028700.0,1019
King,3009.0,Des Moines,WA,98198.0,53033028700.0,1020
King,3009.0,Des Moines,WA,98198.0,53033028801.0,1021
King,3009.0,Des Moines,WA,98198.0,53033028901.0,1022
King,3009.0,Des Moines,WA,98198.0,53033028902.0,1023
King,3009.0,Des Moines,WA,98198.0,53033029001.0,1024
King,3009.0,Des Moines,WA,98198.0,53033029003.0,1025
King,3009.0,Des Moines,WA,98198.0,53033030003.0,1026
King,3009.0,Des Moines,WA,98198.0,53033030102.0,1027
King,3009.0,Duvall,WA,98014.0,53033032402.0,1028
King,3009.0,Duvall,WA,98014.0,53033032500.0,1029
King,3009.0,Duvall,WA,98019.0,53033032311.0,1030
King,3009.0,Duvall,WA,98019.0,53033032327.0,1031
King,3009.0,Duvall,WA,98019.0,53033032401.0,1032
King,3009.0,Duvall,WA,98019.0,53033032402.0,1033
King,3009.0,Duvall,WA,98019.0,53033032500.0,1034
King,3009.0,Duvall,WA,98072.0,53033032311.0,1035
King,3009.0,Enumclaw,WA,98022.0,53033031202.0,1036
King,3009.0,Enumclaw,WA,98022.0,53033031301.0,1037
King,3009.0,Enumclaw,WA,98022.0,53033031302.0,1038
King,3009.0,Enumclaw,WA,98022.0,53033031400.0,1039
King,3009.0,Enumclaw,WA,98022.0,53033031501.0,1040
King,3009.0,Enumclaw,WA,98022.0,53033031502.0,1041
King,3009.0,Fall City,WA,98024.0,53033032221.0,1042
King,3009.0,Fall City,WA,98024.0,53033032500.0,1043
King,3009.0,Fall City,WA,98024.0,53033032601.0,1044
King,3009.0,Fall City,WA,98024.0,53033032603.0,1045
King,3009.0,Fall City,WA,98024.0,53033032605.0,1046
King,3009.0,Fall City,WA,98024.0,53033032800.0,1047
King,3009.0,Federal Way,WA,98001.0,53033030406.0,1048
King,3009.0,Federal Way,WA,98001.0,53033030407.0,1049
King,3009.0,Federal Way,WA,98003.0,53033030003.0,1050
King,3009.0,Federal Way,WA,98003.0,53033030005.0,1051
King,3009.0,Federal Way,WA,98003.0,53033030006.0,1052
King,3009.0,Federal Way,WA,98003.0,53033030007.0,1053
King,3009.0,Federal Way,WA,98003.0,53033030008.0,1054
King,3009.0,Federal Way,WA,98003.0,53033030102.0,1055
King,3009.0,Federal Way,WA,98003.0,53033030201.0,1056
King,3009.0,Federal Way,WA,98003.0,53033030203.0,1057
King,3009.0,Federal Way,WA,98003.0,53033030204.0,1058
King,3009.0,Federal Way,WA,98003.0,53033030304.0,1059
King,3009.0,Federal Way,WA,98003.0,53033030309.0,1060
King,3009.0,Federal Way,WA,98003.0,53033030313.0,1061
King,3009.0,Federal Way,WA,98003.0,53033030314.0,1062
King,3009.0,Federal Way,WA,98003.0,53033030403.0,1063
King,3009.0,Federal Way,WA,98003.0,53033030404.0,1064
King,3009.0,Federal Way,WA,98003.0,53033030406.0,1065
King,3009.0,Federal Way,WA,98003.0,53033030407.0,1066
King,3009.0,Federal Way,WA,98023.0,53033030101.0,1067
King,3009.0,Federal Way,WA,98023.0,53033030102.0,1068
King,3009.0,Federal Way,WA,98023.0,53033030201.0,1069
King,3009.0,Federal Way,WA,98023.0,53033030304.0,1070
King,3009.0,Federal Way,WA,98023.0,53033030305.0,1071
King,3009.0,Federal Way,WA,98023.0,53033030306.0,1072
King,3009.0,Federal Way,WA,98023.0,53033030308.0,1073
King,3009.0,Federal Way,WA,98023.0,53033030309.0,1074
King,3009.0,Federal Way,WA,98023.0,53033030310.0,1075
King,3009.0,Federal Way,WA,98023.0,53033030311.0,1076
King,3009.0,Federal Way,WA,98023.0,53033030312.0,1077
King,3009.0,Hunts Point,WA,98004.0,53033024100.0,1078
King,3009.0,Issaquah,WA,98006.0,53033025006.0,1079
King,3009.0,Issaquah,WA,98006.0,53033025007.0,1080
King,3009.0,Issaquah,WA,98027.0,53033023404.0,1081
King,3009.0,Issaquah,WA,98027.0,53033025006.0,1082
King,3009.0,Issaquah,WA,98027.0,53033025007.0,1083
King,3009.0,Issaquah,WA,98027.0,53033031904.0,1084
King,3009.0,Issaquah,WA,98027.0,53033031912.0,1085
King,3009.0,Issaquah,WA,98027.0,53033032002.0,1086
King,3009.0,Issaquah,WA,98027.0,53033032003.0,1087
King,3009.0,Issaquah,WA,98027.0,53033032102.0,1088
King,3009.0,Issaquah,WA,98027.0,53033032103.0,1089
King,3009.0,Issaquah,WA,98027.0,53033032104.0,1090
King,3009.0,Issaquah,WA,98027.0,53033032219.0,1091
King,3009.0,Issaquah,WA,98027.0,53033032220.0,1092
King,3009.0,Issaquah,WA,98027.0,53033032221.0,1093
King,3009.0,Issaquah,WA,98027.0,53033032604.0,1094
King,3009.0,Issaquah,WA,98029.0,53033032213.0,1095
King,3009.0,Issaquah,WA,98029.0,53033032218.0,1096
King,3009.0,Issaquah,WA,98029.0,53033032219.0,1097
King,3009.0,Issaquah,WA,98029.0,53033032220.0,1098
King,3009.0,Issaquah,WA,98029.0,53033032221.0,1099
King,3009.0,Issaquah,WA,98029.0,53033032222.0,1100
King,3009.0,Issaquah,WA,98029.0,53033032223.0,1101
King,3009.0,Issaquah,WA,98059.0,53033025006.0,1102
King,3009.0,Issaquah,WA,98059.0,53033031912.0,1103
King,3009.0,Issaquah,WA,98075.0,53033032213.0,1104
King,3009.0,Kenmore,WA,98028.0,53033021500.0,1105
King,3009.0,Kenmore,WA,98028.0,53033021600.0,1106
King,3009.0,Kenmore,WA,98028.0,53033021701.0,1107
King,3009.0,Kenmore,WA,98028.0,53033021702.0,1108
King,3009.0,Kenmore,WA,98028.0,53033022101.0,1109
King,3009.0,Kenmore,WA,98028.0,53033022102.0,1110
King,3009.0,Kent,WA,98001.0,53033029804.0,1111
King,3009.0,Kent,WA,98001.0,53033029806.0,1112
King,3009.0,Kent,WA,98030.0,53033029203.0,1113
King,3009.0,Kent,WA,98030.0,53033029504.0,1114
King,3009.0,Kent,WA,98030.0,53033029505.0,1115
King,3009.0,Kent,WA,98030.0,53033029506.0,1116
King,3009.0,Kent,WA,98030.0,53033029507.0,1117
King,3009.0,Kent,WA,98030.0,53033029508.0,1118
King,3009.0,Kent,WA,98030.0,53033029602.0,1119
King,3009.0,Kent,WA,98030.0,53033029603.0,1120
King,3009.0,Kent,WA,98030.0,53033029604.0,1121
King,3009.0,Kent,WA,98030.0,53033029701.0,1122
King,3009.0,Kent,WA,98030.0,53033029702.0,1123
King,3009.0,Kent,WA,98031.0,53033029203.0,1124
King,3009.0,Kent,WA,98031.0,53033029206.0,1125
King,3009.0,Kent,WA,98031.0,53033029207.0,1126
King,3009.0,Kent,WA,98031.0,53033029208.0,1127
King,3009.0,Kent,WA,98031.0,53033029305.0,1128
King,3009.0,Kent,WA,98031.0,53033029306.0,1129
King,3009.0,Kent,WA,98031.0,53033029307.0,1130
King,3009.0,Kent,WA,98031.0,53033029403.0,1131
King,3009.0,Kent,WA,98031.0,53033029405.0,1132
King,3009.0,Kent,WA,98031.0,53033029406.0,1133
King,3009.0,Kent,WA,98031.0,53033029407.0,1134
King,3009.0,Kent,WA,98031.0,53033029408.0,1135
King,3009.0,Kent,WA,98031.0,53033029504.0,1136
King,3009.0,Kent,WA,98031.0,53033029505.0,1137
King,3009.0,Kent,WA,98031.0,53033029506.0,1138
King,3009.0,Kent,WA,98031.0,53033029507.0,1139
King,3009.0,Kent,WA,98031.0,53033029508.0,1140
King,3009.0,Kent,WA,98031.0,53033029602.0,1141
King,3009.0,Kent,WA,98031.0,53033029603.0,1142
King,3009.0,Kent,WA,98031.0,53033029604.0,1143
King,3009.0,Kent,WA,98031.0,53033029701.0,1144
King,3009.0,Kent,WA,98031.0,53033029702.0,1145
King,3009.0,Kent,WA,98032.0,53033028300.0,1146
King,3009.0,Kent,WA,98032.0,53033029004.0,1147
King,3009.0,Kent,WA,98032.0,53033029101.0,1148
King,3009.0,Kent,WA,98032.0,53033029102.0,1149
King,3009.0,Kent,WA,98032.0,53033029203.0,1150
King,3009.0,Kent,WA,98032.0,53033029205.0,1151
King,3009.0,Kent,WA,98032.0,53033029206.0,1152
King,3009.0,Kent,WA,98032.0,53033029208.0,1153
King,3009.0,Kent,WA,98032.0,53033029701.0,1154
King,3009.0,Kent,WA,98032.0,53033029702.0,1155
King,3009.0,Kent,WA,98032.0,53033029803.0,1156
King,3009.0,Kent,WA,98032.0,53033029804.0,1157
King,3009.0,Kent,WA,98032.0,53033030003.0,1158
King,3009.0,Kent,WA,98035.0,53033029701.0,1159
King,3009.0,Kent,WA,98038.0,53033031800.0,1160
King,3009.0,Kent,WA,98042.0,53033029307.0,1161
King,3009.0,Kent,WA,98042.0,53033029405.0,1162
King,3009.0,Kent,WA,98042.0,53033029406.0,1163
King,3009.0,Kent,WA,98042.0,53033029508.0,1164
King,3009.0,Kent,WA,98042.0,53033031204.0,1165
King,3009.0,Kent,WA,98042.0,53033031601.0,1166
King,3009.0,Kent,WA,98042.0,53033031605.0,1167
King,3009.0,Kent,WA,98042.0,53033031704.0,1168
King,3009.0,Kent,WA,98042.0,53033031705.0,1169
King,3009.0,Kent,WA,98042.0,53033031707.0,1170
King,3009.0,Kent,WA,98042.0,53033031708.0,1171
King,3009.0,Kent,WA,98042.0,53033031710.0,1172
King,3009.0,Kent,WA,98042.0,53033031800.0,1173
King,3009.0,Kent,WA,98042.0,53033032005.0,1174
King,3009.0,Kent,WA,98042.0,53033032006.0,1175
King,3009.0,Kent,WA,98058.0,53033029307.0,1176
King,3009.0,Kent,WA,98064.0,53033029407.0,1177
King,3009.0,Kent,WA,98092.0,53033029602.0,1178
King,3009.0,Kirkland,WA,98004.0,53033024100.0,1179
King,3009.0,Kirkland,WA,98011.0,53033022102.0,1180
King,3009.0,Kirkland,WA,98011.0,53033022201.0,1181
King,3009.0,Kirkland,WA,98011.0,53033022204.0,1182
King,3009.0,Kirkland,WA,98033.0,53033022006.0,1183
King,3009.0,Kirkland,WA,98033.0,53033022401.0,1184
King,3009.0,Kirkland,WA,98033.0,53033022402.0,1185
King,3009.0,Kirkland,WA,98033.0,53033022501.0,1186
King,3009.0,Kirkland,WA,98033.0,53033022502.0,1187
King,3009.0,Kirkland,WA,98033.0,53033022603.0,1188
King,3009.0,Kirkland,WA,98033.0,53033022604.0,1189
King,3009.0,Kirkland,WA,98033.0,53033022605.0,1190
King,3009.0,Kirkland,WA,98033.0,53033022606.0,1191
King,3009.0,Kirkland,WA,98033.0,53033022701.0,1192
King,3009.0,Kirkland,WA,98033.0,53033022702.0,1193
King,3009.0,Kirkland,WA,98033.0,53033022703.0,1194
King,3009.0,Kirkland,WA,98034.0,53033021903.0,1195
King,3009.0,Kirkland,WA,98034.0,53033021904.0,1196
King,3009.0,Kirkland,WA,98034.0,53033021905.0,1197
King,3009.0,Kirkland,WA,98034.0,53033021906.0,1198
King,3009.0,Kirkland,WA,98034.0,53033022003.0,1199
King,3009.0,Kirkland,WA,98034.0,53033022005.0,1200
King,3009.0,Kirkland,WA,98034.0,53033022006.0,1201
King,3009.0,Kirkland,WA,98034.0,53033022101.0,1202
King,3009.0,Kirkland,WA,98034.0,53033022201.0,1203
King,3009.0,Kirkland,WA,98034.0,53033022203.0,1204
King,3009.0,Kirkland,WA,98034.0,53033022204.0,1205
King,3009.0,Kirkland,WA,98034.0,53033022205.0,1206
King,3009.0,Kirkland,WA,98034.0,53033022300.0,1207
King,3009.0,Kirkland,WA,98034.0,53033022401.0,1208
King,3009.0,Kirkland,WA,98034.0,53033022603.0,1209
King,3009.0,Kirkland,WA,98034.0,53033022605.0,1210
King,3009.0,Kirkland,WA,98072.0,53033021906.0,1211
King,3009.0,Lake Forest Park,WA,98155.0,53033020401.0,1212
King,3009.0,Lake Forest Park,WA,98155.0,53033020402.0,1213
King,3009.0,Lake Forest Park,WA,98155.0,53033021300.0,1214
King,3009.0,Lake Forest Park,WA,98155.0,53033021400.0,1215
King,3009.0,Lake Forest Park,WA,98155.0,53033021500.0,1216
King,3009.0,Maple Valley,WA,98010.0,53033031604.0,1217
King,3009.0,Maple Valley,WA,98010.0,53033031605.0,1218
King,3009.0,Maple Valley,WA,98027.0,53033031904.0,1219
King,3009.0,Maple Valley,WA,98027.0,53033032002.0,1220
King,3009.0,Maple Valley,WA,98027.0,53033032003.0,1221
King,3009.0,Maple Valley,WA,98038.0,53033031603.0,1222
King,3009.0,Maple Valley,WA,98038.0,53033031604.0,1223
King,3009.0,Maple Valley,WA,98038.0,53033031800.0,1224
King,3009.0,Maple Valley,WA,98038.0,53033031904.0,1225
King,3009.0,Maple Valley,WA,98038.0,53033032002.0,1226
King,3009.0,Maple Valley,WA,98038.0,53033032003.0,1227
King,3009.0,Maple Valley,WA,98038.0,53033032005.0,1228
King,3009.0,Maple Valley,WA,98038.0,53033032006.0,1229
King,3009.0,Maple Valley,WA,98038.0,53033032007.0,1230
King,3009.0,Maple Valley,WA,98038.0,53033032008.0,1231
King,3009.0,Maple Valley,WA,98038.0,53033032010.0,1232
King,3009.0,Maple Valley,WA,98038.0,53033032011.0,1233
King,3009.0,Maple Valley,WA,98045.0,53033032003.0,1234
King,3009.0,Maple Valley,WA,98051.0,53033031603.0,1235
King,3009.0,Maple Valley,WA,98058.0,53033032002.0,1236
King,3009.0,Maple Valley,WA,98058.0,53033032007.0,1237
King,3009.0,Maple Valley,WA,98059.0,53033031904.0,1238
King,3009.0,Medina,WA,98039.0,53033024002.0,1239
King,3009.0,Medina,WA,98039.0,53033024200.0,1240
King,3009.0,Mercer Island,WA,98040.0,53033024301.0,1241
King,3009.0,Mercer Island,WA,98040.0,53033024302.0,1242
King,3009.0,Mercer Island,WA,98040.0,53033024400.0,1243
King,3009.0,Mercer Island,WA,98040.0,53033024500.0,1244
King,3009.0,Mercer Island,WA,98040.0,53033024601.0,1245
King,3009.0,Mercer Island,WA,98040.0,53033024602.0,1246
King,3009.0,Newcastle,WA,98006.0,53033024704.0,1247
King,3009.0,Newcastle,WA,98006.0,53033025001.0,1248
King,3009.0,Newcastle,WA,98056.0,53033024703.0,1249
King,3009.0,Newcastle,WA,98056.0,53033024704.0,1250
King,3009.0,Newcastle,WA,98056.0,53033025001.0,1251
King,3009.0,Newcastle,WA,98059.0,53033025001.0,1252
King,3009.0,Newcastle,WA,98059.0,53033025005.0,1253
King,3009.0,Normandy Park,WA,98148.0,53033028600.0,1254
King,3009.0,Normandy Park,WA,98166.0,53033027800.0,1255
King,3009.0,Normandy Park,WA,98166.0,53033028600.0,1256
King,3009.0,Normandy Park,WA,98198.0,53033028600.0,1257
King,3009.0,Normandy Park,WA,98198.0,53033028901.0,1258
King,3009.0,North Bend,WA,98045.0,53033032704.0,1259
King,3009.0,North Bend,WA,98045.0,53033032705.0,1260
King,3009.0,North Bend,WA,98045.0,53033032706.0,1261
King,3009.0,North Bend,WA,98045.0,53033032800.0,1262
King,3009.0,North Bend,WA,98065.0,53033032800.0,1263
King,3009.0,Pacific,WA,98001.0,53033030404.0,1264
King,3009.0,Pacific,WA,98047.0,53033030901.0,1265
King,3009.0,Pacific,WA,98047.0,53033030902.0,1266
King,3009.0,Preston,WA,98024.0,53033032221.0,1267
King,3009.0,Preston,WA,98027.0,53033032221.0,1268
King,3009.0,Preston,WA,98050.0,53033032221.0,1269
King,3009.0,Ravensdale,WA,98038.0,53033032010.0,1270
King,3009.0,Ravensdale,WA,98051.0,53033031501.0,1271
King,3009.0,Ravensdale,WA,98051.0,53033031603.0,1272
King,3009.0,Ravensdale,WA,98051.0,53033032003.0,1273
King,3009.0,Redmond,WA,98014.0,53033032315.0,1274
King,3009.0,Redmond,WA,98014.0,53033032500.0,1275
King,3009.0,Redmond,WA,98033.0,53033022605.0,1276
King,3009.0,Redmond,WA,98033.0,53033022606.0,1277
King,3009.0,Redmond,WA,98052.0,53033022605.0,1278
King,3009.0,Redmond,WA,98052.0,53033022606.0,1279
King,3009.0,Redmond,WA,98052.0,53033022802.0,1280
King,3009.0,Redmond,WA,98052.0,53033022803.0,1281
King,3009.0,Redmond,WA,98052.0,53033022902.0,1282
King,3009.0,Redmond,WA,98052.0,53033032313.0,1283
King,3009.0,Redmond,WA,98052.0,53033032321.0,1284
King,3009.0,Redmond,WA,98052.0,53033032322.0,1285
King,3009.0,Redmond,WA,98052.0,53033032323.0,1286
King,3009.0,Redmond,WA,98052.0,53033032324.0,1287
King,3009.0,Redmond,WA,98052.0,53033032325.0,1288
King,3009.0,Redmond,WA,98052.0,53033032326.0,1289
King,3009.0,Redmond,WA,98052.0,53033032330.0,1290
King,3009.0,Redmond,WA,98052.0,53033032331.0,1291
King,3009.0,Redmond,WA,98053.0,53033032215.0,1292
King,3009.0,Redmond,WA,98053.0,53033032313.0,1293
King,3009.0,Redmond,WA,98053.0,53033032315.0,1294
King,3009.0,Redmond,WA,98053.0,53033032318.0,1295
King,3009.0,Redmond,WA,98053.0,53033032326.0,1296
King,3009.0,Redmond,WA,98053.0,53033032327.0,1297
King,3009.0,Redmond,WA,98053.0,53033032328.0,1298
King,3009.0,Redmond,WA,98053.0,53033032332.0,1299
King,3009.0,Redmond,WA,98053.0,53033032333.0,1300
King,3009.0,Redmond,WA,98072.0,53033032321.0,1301
King,3009.0,Redmond,WA,98072.0,53033032322.0,1302
King,3009.0,Redmond,WA,98072.0,53033032326.0,1303
King,3009.0,Redmond,WA,98072.0,53033032327.0,1304
King,3009.0,Redmond,WA,98074.0,53033032316.0,1305
King,3009.0,Renton,WA,98027.0,53033031912.0,1306
King,3009.0,Renton,WA,98031.0,53033029305.0,1307
King,3009.0,Renton,WA,98038.0,53033031800.0,1308
King,3009.0,Renton,WA,98038.0,53033032007.0,1309
King,3009.0,Renton,WA,98042.0,53033031800.0,1310
King,3009.0,Renton,WA,98055.0,53033025302.0,1311
King,3009.0,Renton,WA,98055.0,53033025303.0,1312
King,3009.0,Renton,WA,98055.0,53033025703.0,1313
King,3009.0,Renton,WA,98055.0,53033025704.0,1314
King,3009.0,Renton,WA,98055.0,53033025805.0,1315
King,3009.0,Renton,WA,98055.0,53033025806.0,1316
King,3009.0,Renton,WA,98055.0,53033026003.0,1317
King,3009.0,Renton,WA,98055.0,53033026004.0,1318
King,3009.0,Renton,WA,98055.0,53033026101.0,1319
King,3009.0,Renton,WA,98055.0,53033026200.0,1320
King,3009.0,Renton,WA,98055.0,53033029305.0,1321
King,3009.0,Renton,WA,98055.0,53033029308.0,1322
King,3009.0,Renton,WA,98055.0,53033029309.0,1323
King,3009.0,Renton,WA,98056.0,53033024703.0,1324
King,3009.0,Renton,WA,98056.0,53033024704.0,1325
King,3009.0,Renton,WA,98056.0,53033025001.0,1326
King,3009.0,Renton,WA,98056.0,53033025201.0,1327
King,3009.0,Renton,WA,98056.0,53033025202.0,1328
King,3009.0,Renton,WA,98056.0,53033025302.0,1329
King,3009.0,Renton,WA,98056.0,53033025304.0,1330
King,3009.0,Renton,WA,98056.0,53033025401.0,1331
King,3009.0,Renton,WA,98056.0,53033025402.0,1332
King,3009.0,Renton,WA,98056.0,53033025500.0,1333
King,3009.0,Renton,WA,98056.0,53033025601.0,1334
King,3009.0,Renton,WA,98057.0,53033025302.0,1335
King,3009.0,Renton,WA,98057.0,53033025303.0,1336
King,3009.0,Renton,WA,98057.0,53033025704.0,1337
King,3009.0,Renton,WA,98057.0,53033026003.0,1338
King,3009.0,Renton,WA,98057.0,53033026004.0,1339
King,3009.0,Renton,WA,98057.0,53033026200.0,1340
King,3009.0,Renton,WA,98058.0,53033025602.0,1341
King,3009.0,Renton,WA,98058.0,53033025702.0,1342
King,3009.0,Renton,WA,98058.0,53033025704.0,1343
King,3009.0,Renton,WA,98058.0,53033025803.0,1344
King,3009.0,Renton,WA,98058.0,53033025804.0,1345
King,3009.0,Renton,WA,98058.0,53033029304.0,1346
King,3009.0,Renton,WA,98058.0,53033029307.0,1347
King,3009.0,Renton,WA,98058.0,53033029308.0,1348
King,3009.0,Renton,WA,98058.0,53033031800.0,1349
King,3009.0,Renton,WA,98058.0,53033031904.0,1350
King,3009.0,Renton,WA,98058.0,53033031906.0,1351
King,3009.0,Renton,WA,98058.0,53033031908.0,1352
King,3009.0,Renton,WA,98058.0,53033031909.0,1353
King,3009.0,Renton,WA,98058.0,53033031910.0,1354
King,3009.0,Renton,WA,98058.0,53033031911.0,1355
King,3009.0,Renton,WA,98058.0,53033031913.0,1356
King,3009.0,Renton,WA,98058.0,53033032002.0,1357
King,3009.0,Renton,WA,98058.0,53033032007.0,1358
King,3009.0,Renton,WA,98059.0,53033025006.0,1359
King,3009.0,Renton,WA,98059.0,53033025101.0,1360
King,3009.0,Renton,WA,98059.0,53033025103.0,1361
King,3009.0,Renton,WA,98059.0,53033025104.0,1362
King,3009.0,Renton,WA,98059.0,53033025202.0,1363
King,3009.0,Renton,WA,98059.0,53033025500.0,1364
King,3009.0,Renton,WA,98059.0,53033025601.0,1365
King,3009.0,Renton,WA,98059.0,53033025602.0,1366
King,3009.0,Renton,WA,98059.0,53033031904.0,1367
King,3009.0,Renton,WA,98059.0,53033031912.0,1368
King,3009.0,Renton,WA,98059.0,53033031913.0,1369
King,3009.0,Renton,WA,98178.0,53033026001.0,1370
King,3009.0,Renton,WA,98178.0,53033026004.0,1371
King,3009.0,Renton,WA,98178.0,53033026101.0,1372
King,3009.0,Sammamish,WA,98029.0,53033032211.0,1373
King,3009.0,Sammamish,WA,98029.0,53033032222.0,1374
King,3009.0,Sammamish,WA,98029.0,53033032223.0,1375
King,3009.0,Sammamish,WA,98053.0,53033032215.0,1376
King,3009.0,Sammamish,WA,98074.0,53033032215.0,1377
King,3009.0,Sammamish,WA,98074.0,53033032216.0,1378
King,3009.0,Sammamish,WA,98074.0,53033032217.0,1379
King,3009.0,Sammamish,WA,98074.0,53033032224.0,1380
King,3009.0,Sammamish,WA,98074.0,53033032225.0,1381
King,3009.0,Sammamish,WA,98074.0,53033032316.0,1382
King,3009.0,Sammamish,WA,98074.0,53033032317.0,1383
King,3009.0,Sammamish,WA,98074.0,53033032318.0,1384
King,3009.0,Sammamish,WA,98075.0,53033032207.0,1385
King,3009.0,Sammamish,WA,98075.0,53033032211.0,1386
King,3009.0,Sammamish,WA,98075.0,53033032213.0,1387
King,3009.0,Sammamish,WA,98075.0,53033032215.0,1388
King,3009.0,Sammamish,WA,98075.0,53033032216.0,1389
King,3009.0,Sammamish,WA,98075.0,53033032217.0,1390
King,3009.0,Sammamish,WA,98075.0,53033032218.0,1391
King,3009.0,Sammamish,WA,98075.0,53033032221.0,1392
King,3009.0,Sammamish,WA,98075.0,53033032224.0,1393
King,3009.0,Seatac,WA,98032.0,53033028300.0,1394
King,3009.0,Seatac,WA,98148.0,53033028500.0,1395
King,3009.0,Seatac,WA,98148.0,53033028700.0,1396
King,3009.0,Seatac,WA,98148.0,53033028801.0,1397
King,3009.0,Seatac,WA,98158.0,53033028402.0,1398
King,3009.0,Seatac,WA,98168.0,53033027300.0,1399
King,3009.0,Seatac,WA,98168.0,53033028100.0,1400
King,3009.0,Seatac,WA,98188.0,53033028100.0,1401
King,3009.0,Seatac,WA,98188.0,53033028300.0,1402
King,3009.0,Seatac,WA,98188.0,53033028402.0,1403
King,3009.0,Seatac,WA,98188.0,53033028403.0,1404
King,3009.0,Seatac,WA,98188.0,53033028801.0,1405
King,3009.0,Seatac,WA,98188.0,53033028802.0,1406
King,3009.0,Seatac,WA,98198.0,53033028300.0,1407
King,3009.0,Seatac,WA,98198.0,53033028801.0,1408
King,3009.0,Seatac,WA,98198.0,53033028802.0,1409
King,3009.0,Seatac,WA,98198.0,53033029101.0,1410
King,3009.0,Seattle,WA,98055.0,53033026003.0,1411
King,3009.0,Seattle,WA,98055.0,53033026004.0,1412
King,3009.0,Seattle,WA,98101.0,53033007202.0,1413
King,3009.0,Seattle,WA,98101.0,53033007302.0,1414
King,3009.0,Seattle,WA,98101.0,53033008002.0,1415
King,3009.0,Seattle,WA,98101.0,53033008101.0,1416
King,3009.0,Seattle,WA,98101.0,53033008102.0,1417
King,3009.0,Seattle,WA,98101.0,53033008200.0,1418
King,3009.0,Seattle,WA,98101.0,53033008300.0,1419
King,3009.0,Seattle,WA,98101.0,53033008401.0,1420
King,3009.0,Seattle,WA,98101.0,53033008402.0,1421
King,3009.0,Seattle,WA,98102.0,53033006100.0,1422
King,3009.0,Seattle,WA,98102.0,53033006200.0,1423
King,3009.0,Seattle,WA,98102.0,53033006500.0,1424
King,3009.0,Seattle,WA,98102.0,53033006600.0,1425
King,3009.0,Seattle,WA,98102.0,53033007403.0,1426
King,3009.0,Seattle,WA,98102.0,53033007404.0,1427
King,3009.0,Seattle,WA,98102.0,53033007405.0,1428
King,3009.0,Seattle,WA,98102.0,53033007406.0,1429
King,3009.0,Seattle,WA,98102.0,53033007501.0,1430
King,3009.0,Seattle,WA,98102.0,53033007502.0,1431
King,3009.0,Seattle,WA,98103.0,53033001300.0,1432
King,3009.0,Seattle,WA,98103.0,53033001701.0,1433
King,3009.0,Seattle,WA,98103.0,53033001702.0,1434
King,3009.0,Seattle,WA,98103.0,53033001800.0,1435
King,3009.0,Seattle,WA,98103.0,53033001900.0,1436
King,3009.0,Seattle,WA,98103.0,53033002700.0,1437
King,3009.0,Seattle,WA,98103.0,53033002800.0,1438
King,3009.0,Seattle,WA,98103.0,53033002900.0,1439
King,3009.0,Seattle,WA,98103.0,53033003400.0,1440
King,3009.0,Seattle,WA,98103.0,53033003500.0,1441
King,3009.0,Seattle,WA,98103.0,53033003601.0,1442
King,3009.0,Seattle,WA,98103.0,53033003602.0,1443
King,3009.0,Seattle,WA,98103.0,53033004500.0,1444
King,3009.0,Seattle,WA,98103.0,53033004600.0,1445
King,3009.0,Seattle,WA,98103.0,53033004800.0,1446
King,3009.0,Seattle,WA,98103.0,53033004901.0,1447
King,3009.0,Seattle,WA,98103.0,53033004902.0,1448
King,3009.0,Seattle,WA,98103.0,53033005000.0,1449
King,3009.0,Seattle,WA,98103.0,53033005100.0,1450
King,3009.0,Seattle,WA,98103.0,53033005401.0,1451
King,3009.0,Seattle,WA,98103.0,53033005402.0,1452
King,3009.0,Seattle,WA,98104.0,53033008102.0,1453
King,3009.0,Seattle,WA,98104.0,53033008200.0,1454
King,3009.0,Seattle,WA,98104.0,53033008300.0,1455
King,3009.0,Seattle,WA,98104.0,53033008401.0,1456
King,3009.0,Seattle,WA,98104.0,53033008500.0,1457
King,3009.0,Seattle,WA,98104.0,53033009100.0,1458
King,3009.0,Seattle,WA,98104.0,53033009200.0,1459
King,3009.0,Seattle,WA,98104.0,53033009300.0,1460
King,3009.0,Seattle,WA,98105.0,53033004101.0,1461
King,3009.0,Seattle,WA,98105.0,53033004102.0,1462
King,3009.0,Seattle,WA,98105.0,53033004201.0,1463
King,3009.0,Seattle,WA,98105.0,53033004202.0,1464
King,3009.0,Seattle,WA,98105.0,53033004301.0,1465
King,3009.0,Seattle,WA,98105.0,53033004302.0,1466
King,3009.0,Seattle,WA,98105.0,53033004401.0,1467
King,3009.0,Seattle,WA,98105.0,53033004402.0,1468
King,3009.0,Seattle,WA,98105.0,53033004500.0,1469
King,3009.0,Seattle,WA,98105.0,53033004600.0,1470
King,3009.0,Seattle,WA,98105.0,53033005100.0,1471
King,3009.0,Seattle,WA,98105.0,53033005201.0,1472
King,3009.0,Seattle,WA,98105.0,53033005202.0,1473
King,3009.0,Seattle,WA,98105.0,53033005303.0,1474
King,3009.0,Seattle,WA,98105.0,53033005304.0,1475
King,3009.0,Seattle,WA,98105.0,53033005305.0,1476
King,3009.0,Seattle,WA,98105.0,53033005306.0,1477
King,3009.0,Seattle,WA,98105.0,53033005307.0,1478
King,3009.0,Seattle,WA,98106.0,53033009900.0,1479
King,3009.0,Seattle,WA,98106.0,53033010701.0,1480
King,3009.0,Seattle,WA,98106.0,53033010800.0,1481
King,3009.0,Seattle,WA,98106.0,53033011300.0,1482
King,3009.0,Seattle,WA,98106.0,53033011401.0,1483
King,3009.0,Seattle,WA,98106.0,53033011402.0,1484
King,3009.0,Seattle,WA,98106.0,53033026500.0,1485
King,3009.0,Seattle,WA,98106.0,53033026600.0,1486
King,3009.0,Seattle,WA,98107.0,53033003201.0,1487
King,3009.0,Seattle,WA,98107.0,53033003202.0,1488
King,3009.0,Seattle,WA,98107.0,53033003301.0,1489
King,3009.0,Seattle,WA,98107.0,53033003302.0,1490
King,3009.0,Seattle,WA,98107.0,53033003400.0,1491
King,3009.0,Seattle,WA,98107.0,53033003500.0,1492
King,3009.0,Seattle,WA,98107.0,53033004701.0,1493
King,3009.0,Seattle,WA,98107.0,53033004702.0,1494
King,3009.0,Seattle,WA,98107.0,53033004703.0,1495
King,3009.0,Seattle,WA,98107.0,53033004800.0,1496
King,3009.0,Seattle,WA,98108.0,53033009300.0,1497
King,3009.0,Seattle,WA,98108.0,53033010001.0,1498
King,3009.0,Seattle,WA,98108.0,53033010101.0,1499
King,3009.0,Seattle,WA,98108.0,53033010302.0,1500
King,3009.0,Seattle,WA,98108.0,53033010401.0,1501
King,3009.0,Seattle,WA,98108.0,53033010402.0,1502
King,3009.0,Seattle,WA,98108.0,53033010900.0,1503
King,3009.0,Seattle,WA,98108.0,53033011002.0,1504
King,3009.0,Seattle,WA,98108.0,53033011200.0,1505
King,3009.0,Seattle,WA,98108.0,53033011300.0,1506
King,3009.0,Seattle,WA,98108.0,53033011700.0,1507
King,3009.0,Seattle,WA,98108.0,53033026400.0,1508
King,3009.0,Seattle,WA,98108.0,53033026500.0,1509
King,3009.0,Seattle,WA,98109.0,53033006000.0,1510
King,3009.0,Seattle,WA,98109.0,53033006600.0,1511
King,3009.0,Seattle,WA,98109.0,53033006701.0,1512
King,3009.0,Seattle,WA,98109.0,53033006702.0,1513
King,3009.0,Seattle,WA,98109.0,53033006703.0,1514
King,3009.0,Seattle,WA,98109.0,53033006800.0,1515
King,3009.0,Seattle,WA,98109.0,53033007001.0,1516
King,3009.0,Seattle,WA,98109.0,53033007002.0,1517
King,3009.0,Seattle,WA,98109.0,53033007101.0,1518
King,3009.0,Seattle,WA,98109.0,53033007203.0,1519
King,3009.0,Seattle,WA,98109.0,53033007301.0,1520
King,3009.0,Seattle,WA,98109.0,53033007303.0,1521
King,3009.0,Seattle,WA,98109.0,53033008003.0,1522
King,3009.0,Seattle,WA,98111.0,53033008102.0,1523
King,3009.0,Seattle,WA,98112.0,53033006100.0,1524
King,3009.0,Seattle,WA,98112.0,53033006200.0,1525
King,3009.0,Seattle,WA,98112.0,53033006300.0,1526
King,3009.0,Seattle,WA,98112.0,53033006400.0,1527
King,3009.0,Seattle,WA,98112.0,53033006500.0,1528
King,3009.0,Seattle,WA,98112.0,53033007501.0,1529
King,3009.0,Seattle,WA,98112.0,53033007502.0,1530
King,3009.0,Seattle,WA,98112.0,53033007600.0,1531
King,3009.0,Seattle,WA,98112.0,53033007700.0,1532
King,3009.0,Seattle,WA,98112.0,53033007800.0,1533
King,3009.0,Seattle,WA,98115.0,53033000900.0,1534
King,3009.0,Seattle,WA,98115.0,53033001100.0,1535
King,3009.0,Seattle,WA,98115.0,53033001900.0,1536
King,3009.0,Seattle,WA,98115.0,53033002000.0,1537
King,3009.0,Seattle,WA,98115.0,53033002100.0,1538
King,3009.0,Seattle,WA,98115.0,53033002200.0,1539
King,3009.0,Seattle,WA,98115.0,53033002400.0,1540
King,3009.0,Seattle,WA,98115.0,53033002500.0,1541
King,3009.0,Seattle,WA,98115.0,53033002600.0,1542
King,3009.0,Seattle,WA,98115.0,53033002700.0,1543
King,3009.0,Seattle,WA,98115.0,53033003601.0,1544
King,3009.0,Seattle,WA,98115.0,53033003602.0,1545
King,3009.0,Seattle,WA,98115.0,53033003800.0,1546
King,3009.0,Seattle,WA,98115.0,53033003900.0,1547
King,3009.0,Seattle,WA,98115.0,53033004000.0,1548
King,3009.0,Seattle,WA,98115.0,53033004102.0,1549
King,3009.0,Seattle,WA,98115.0,53033004201.0,1550
King,3009.0,Seattle,WA,98115.0,53033004202.0,1551
King,3009.0,Seattle,WA,98115.0,53033004301.0,1552
King,3009.0,Seattle,WA,98115.0,53033004401.0,1553
King,3009.0,Seattle,WA,98115.0,53033004500.0,1554
King,3009.0,Seattle,WA,98116.0,53033009600.0,1555
King,3009.0,Seattle,WA,98116.0,53033009701.0,1556
King,3009.0,Seattle,WA,98116.0,53033009702.0,1557
King,3009.0,Seattle,WA,98116.0,53033009801.0,1558
King,3009.0,Seattle,WA,98116.0,53033009802.0,1559
King,3009.0,Seattle,WA,98116.0,53033010501.0,1560
King,3009.0,Seattle,WA,98116.0,53033010502.0,1561
King,3009.0,Seattle,WA,98116.0,53033010602.0,1562
King,3009.0,Seattle,WA,98117.0,53033001400.0,1563
King,3009.0,Seattle,WA,98117.0,53033001500.0,1564
King,3009.0,Seattle,WA,98117.0,53033001600.0,1565
King,3009.0,Seattle,WA,98117.0,53033001701.0,1566
King,3009.0,Seattle,WA,98117.0,53033001702.0,1567
King,3009.0,Seattle,WA,98117.0,53033002900.0,1568
King,3009.0,Seattle,WA,98117.0,53033003000.0,1569
King,3009.0,Seattle,WA,98117.0,53033003100.0,1570
King,3009.0,Seattle,WA,98117.0,53033003201.0,1571
King,3009.0,Seattle,WA,98117.0,53033003202.0,1572
King,3009.0,Seattle,WA,98117.0,53033003301.0,1573
King,3009.0,Seattle,WA,98117.0,53033003302.0,1574
King,3009.0,Seattle,WA,98117.0,53033003400.0,1575
King,3009.0,Seattle,WA,98117.0,53033003500.0,1576
King,3009.0,Seattle,WA,98118.0,53033010101.0,1577
King,3009.0,Seattle,WA,98118.0,53033010102.0,1578
King,3009.0,Seattle,WA,98118.0,53033010200.0,1579
King,3009.0,Seattle,WA,98118.0,53033010301.0,1580
King,3009.0,Seattle,WA,98118.0,53033010302.0,1581
King,3009.0,Seattle,WA,98118.0,53033010401.0,1582
King,3009.0,Seattle,WA,98118.0,53033011001.0,1583
King,3009.0,Seattle,WA,98118.0,53033011002.0,1584
King,3009.0,Seattle,WA,98118.0,53033011101.0,1585
King,3009.0,Seattle,WA,98118.0,53033011102.0,1586
King,3009.0,Seattle,WA,98118.0,53033011700.0,1587
King,3009.0,Seattle,WA,98118.0,53033011801.0,1588
King,3009.0,Seattle,WA,98118.0,53033011802.0,1589
King,3009.0,Seattle,WA,98118.0,53033011901.0,1590
King,3009.0,Seattle,WA,98118.0,53033011902.0,1591
King,3009.0,Seattle,WA,98119.0,53033005801.0,1592
King,3009.0,Seattle,WA,98119.0,53033005804.0,1593
King,3009.0,Seattle,WA,98119.0,53033005901.0,1594
King,3009.0,Seattle,WA,98119.0,53033005902.0,1595
King,3009.0,Seattle,WA,98119.0,53033006000.0,1596
King,3009.0,Seattle,WA,98119.0,53033006800.0,1597
King,3009.0,Seattle,WA,98119.0,53033006900.0,1598
King,3009.0,Seattle,WA,98119.0,53033007001.0,1599
King,3009.0,Seattle,WA,98119.0,53033007002.0,1600
King,3009.0,Seattle,WA,98119.0,53033007101.0,1601
King,3009.0,Seattle,WA,98119.0,53033007102.0,1602
King,3009.0,Seattle,WA,98121.0,53033007201.0,1603
King,3009.0,Seattle,WA,98121.0,53033007202.0,1604
King,3009.0,Seattle,WA,98121.0,53033007302.0,1605
King,3009.0,Seattle,WA,98121.0,53033008002.0,1606
King,3009.0,Seattle,WA,98121.0,53033008003.0,1607
King,3009.0,Seattle,WA,98121.0,53033008004.0,1608
King,3009.0,Seattle,WA,98121.0,53033008101.0,1609
King,3009.0,Seattle,WA,98122.0,53033007405.0,1610
King,3009.0,Seattle,WA,98122.0,53033007406.0,1611
King,3009.0,Seattle,WA,98122.0,53033007502.0,1612
King,3009.0,Seattle,WA,98122.0,53033007503.0,1613
King,3009.0,Seattle,WA,98122.0,53033007600.0,1614
King,3009.0,Seattle,WA,98122.0,53033007700.0,1615
King,3009.0,Seattle,WA,98122.0,53033007800.0,1616
King,3009.0,Seattle,WA,98122.0,53033007901.0,1617
King,3009.0,Seattle,WA,98122.0,53033007902.0,1618
King,3009.0,Seattle,WA,98122.0,53033008401.0,1619
King,3009.0,Seattle,WA,98122.0,53033008402.0,1620
King,3009.0,Seattle,WA,98122.0,53033008500.0,1621
King,3009.0,Seattle,WA,98122.0,53033008600.0,1622
King,3009.0,Seattle,WA,98122.0,53033008700.0,1623
King,3009.0,Seattle,WA,98122.0,53033008800.0,1624
King,3009.0,Seattle,WA,98122.0,53033008900.0,1625
King,3009.0,Seattle,WA,98122.0,53033009000.0,1626
King,3009.0,Seattle,WA,98124.0,53033009300.0,1627
King,3009.0,Seattle,WA,98125.0,53033000101.0,1628
King,3009.0,Seattle,WA,98125.0,53033000102.0,1629
King,3009.0,Seattle,WA,98125.0,53033000201.0,1630
King,3009.0,Seattle,WA,98125.0,53033000202.0,1631
King,3009.0,Seattle,WA,98125.0,53033000300.0,1632
King,3009.0,Seattle,WA,98125.0,53033000601.0,1633
King,3009.0,Seattle,WA,98125.0,53033000602.0,1634
King,3009.0,Seattle,WA,98125.0,53033000700.0,1635
King,3009.0,Seattle,WA,98125.0,53033000800.0,1636
King,3009.0,Seattle,WA,98125.0,53033000900.0,1637
King,3009.0,Seattle,WA,98125.0,53033001000.0,1638
King,3009.0,Seattle,WA,98125.0,53033001100.0,1639
King,3009.0,Seattle,WA,98125.0,53033001201.0,1640
King,3009.0,Seattle,WA,98125.0,53033001202.0,1641
King,3009.0,Seattle,WA,98125.0,53033001900.0,1642
King,3009.0,Seattle,WA,98125.0,53033002000.0,1643
King,3009.0,Seattle,WA,98125.0,53033002100.0,1644
King,3009.0,Seattle,WA,98125.0,53033002200.0,1645
King,3009.0,Seattle,WA,98126.0,53033009600.0,1646
King,3009.0,Seattle,WA,98126.0,53033009801.0,1647
King,3009.0,Seattle,WA,98126.0,53033009802.0,1648
King,3009.0,Seattle,WA,98126.0,53033009900.0,1649
King,3009.0,Seattle,WA,98126.0,53033010501.0,1650
King,3009.0,Seattle,WA,98126.0,53033010601.0,1651
King,3009.0,Seattle,WA,98126.0,53033010701.0,1652
King,3009.0,Seattle,WA,98126.0,53033010702.0,1653
King,3009.0,Seattle,WA,98126.0,53033011401.0,1654
King,3009.0,Seattle,WA,98126.0,53033011402.0,1655
King,3009.0,Seattle,WA,98126.0,53033011500.0,1656
King,3009.0,Seattle,WA,98126.0,53033011601.0,1657
King,3009.0,Seattle,WA,98126.0,53033011602.0,1658
King,3009.0,Seattle,WA,98126.0,53033012000.0,1659
King,3009.0,Seattle,WA,98126.0,53033026600.0,1660
King,3009.0,Seattle,WA,98127.0,53033004702.0,1661
King,3009.0,Seattle,WA,98133.0,53033000300.0,1662
King,3009.0,Seattle,WA,98133.0,53033000402.0,1663
King,3009.0,Seattle,WA,98133.0,53033000403.0,1664
King,3009.0,Seattle,WA,98133.0,53033000404.0,1665
King,3009.0,Seattle,WA,98133.0,53033000601.0,1666
King,3009.0,Seattle,WA,98133.0,53033000602.0,1667
King,3009.0,Seattle,WA,98133.0,53033001201.0,1668
King,3009.0,Seattle,WA,98133.0,53033001300.0,1669
King,3009.0,Seattle,WA,98133.0,53033001400.0,1670
King,3009.0,Seattle,WA,98133.0,53033001701.0,1671
King,3009.0,Seattle,WA,98133.0,53033001702.0,1672
King,3009.0,Seattle,WA,98133.0,53033020301.0,1673
King,3009.0,Seattle,WA,98133.0,53033020302.0,1674
King,3009.0,Seattle,WA,98133.0,53033020700.0,1675
King,3009.0,Seattle,WA,98134.0,53033009300.0,1676
King,3009.0,Seattle,WA,98134.0,53033009900.0,1677
King,3009.0,Seattle,WA,98136.0,53033010501.0,1678
King,3009.0,Seattle,WA,98136.0,53033010502.0,1679
King,3009.0,Seattle,WA,98136.0,53033010601.0,1680
King,3009.0,Seattle,WA,98136.0,53033010602.0,1681
King,3009.0,Seattle,WA,98136.0,53033011500.0,1682
King,3009.0,Seattle,WA,98136.0,53033011601.0,1683
King,3009.0,Seattle,WA,98136.0,53033011602.0,1684
King,3009.0,Seattle,WA,98136.0,53033012000.0,1685
King,3009.0,Seattle,WA,98136.0,53033012100.0,1686
King,3009.0,Seattle,WA,98144.0,53033007800.0,1687
King,3009.0,Seattle,WA,98144.0,53033008900.0,1688
King,3009.0,Seattle,WA,98144.0,53033009000.0,1689
King,3009.0,Seattle,WA,98144.0,53033009100.0,1690
King,3009.0,Seattle,WA,98144.0,53033009300.0,1691
King,3009.0,Seattle,WA,98144.0,53033009400.0,1692
King,3009.0,Seattle,WA,98144.0,53033009500.0,1693
King,3009.0,Seattle,WA,98144.0,53033010001.0,1694
King,3009.0,Seattle,WA,98144.0,53033010002.0,1695
King,3009.0,Seattle,WA,98144.0,53033010101.0,1696
King,3009.0,Seattle,WA,98144.0,53033010102.0,1697
King,3009.0,Seattle,WA,98146.0,53033012000.0,1698
King,3009.0,Seattle,WA,98146.0,53033012100.0,1699
King,3009.0,Seattle,WA,98146.0,53033026500.0,1700
King,3009.0,Seattle,WA,98146.0,53033026600.0,1701
King,3009.0,Seattle,WA,98146.0,53033026700.0,1702
King,3009.0,Seattle,WA,98146.0,53033026801.0,1703
King,3009.0,Seattle,WA,98146.0,53033026802.0,1704
King,3009.0,Seattle,WA,98148.0,53033028000.0,1705
King,3009.0,Seattle,WA,98155.0,53033000101.0,1706
King,3009.0,Seattle,WA,98155.0,53033000202.0,1707
King,3009.0,Seattle,WA,98155.0,53033020402.0,1708
King,3009.0,Seattle,WA,98155.0,53033020500.0,1709
King,3009.0,Seattle,WA,98155.0,53033021000.0,1710
King,3009.0,Seattle,WA,98155.0,53033021100.0,1711
King,3009.0,Seattle,WA,98155.0,53033021300.0,1712
King,3009.0,Seattle,WA,98155.0,53033021400.0,1713
King,3009.0,Seattle,WA,98164.0,53033008102.0,1714
King,3009.0,Seattle,WA,98166.0,53033027500.0,1715
King,3009.0,Seattle,WA,98166.0,53033027600.0,1716
King,3009.0,Seattle,WA,98166.0,53033027901.0,1717
King,3009.0,Seattle,WA,98166.0,53033027902.0,1718
King,3009.0,Seattle,WA,98168.0,53033026400.0,1719
King,3009.0,Seattle,WA,98168.0,53033026500.0,1720
King,3009.0,Seattle,WA,98168.0,53033026801.0,1721
King,3009.0,Seattle,WA,98168.0,53033027000.0,1722
King,3009.0,Seattle,WA,98168.0,53033027200.0,1723
King,3009.0,Seattle,WA,98168.0,53033027300.0,1724
King,3009.0,Seattle,WA,98168.0,53033028100.0,1725
King,3009.0,Seattle,WA,98177.0,53033000402.0,1726
King,3009.0,Seattle,WA,98177.0,53033000403.0,1727
King,3009.0,Seattle,WA,98177.0,53033000500.0,1728
King,3009.0,Seattle,WA,98177.0,53033001400.0,1729
King,3009.0,Seattle,WA,98177.0,53033001500.0,1730
King,3009.0,Seattle,WA,98177.0,53033001600.0,1731
King,3009.0,Seattle,WA,98177.0,53033001702.0,1732
King,3009.0,Seattle,WA,98178.0,53033011700.0,1733
King,3009.0,Seattle,WA,98178.0,53033011901.0,1734
King,3009.0,Seattle,WA,98178.0,53033011902.0,1735
King,3009.0,Seattle,WA,98178.0,53033025302.0,1736
King,3009.0,Seattle,WA,98178.0,53033026001.0,1737
King,3009.0,Seattle,WA,98178.0,53033026003.0,1738
King,3009.0,Seattle,WA,98178.0,53033026004.0,1739
King,3009.0,Seattle,WA,98178.0,53033026101.0,1740
King,3009.0,Seattle,WA,98178.0,53033026102.0,1741
King,3009.0,Seattle,WA,98188.0,53033026200.0,1742
King,3009.0,Seattle,WA,98188.0,53033028200.0,1743
King,3009.0,Seattle,WA,98188.0,53033028300.0,1744
King,3009.0,Seattle,WA,98188.0,53033028802.0,1745
King,3009.0,Seattle,WA,98195.0,53033005303.0,1746
King,3009.0,Seattle,WA,98198.0,53033030003.0,1747
King,3009.0,Seattle,WA,98199.0,53033005600.0,1748
King,3009.0,Seattle,WA,98199.0,53033005700.0,1749
King,3009.0,Seattle,WA,98199.0,53033005801.0,1750
King,3009.0,Seattle,WA,98199.0,53033005803.0,1751
King,3009.0,Seattle,WA,98199.0,53033005804.0,1752
King,3009.0,Shoreline,WA,98133.0,53033020200.0,1753
King,3009.0,Shoreline,WA,98133.0,53033020301.0,1754
King,3009.0,Shoreline,WA,98133.0,53033020302.0,1755
King,3009.0,Shoreline,WA,98133.0,53033020600.0,1756
King,3009.0,Shoreline,WA,98133.0,53033020700.0,1757
King,3009.0,Shoreline,WA,98133.0,53033020800.0,1758
King,3009.0,Shoreline,WA,98133.0,53033020900.0,1759
King,3009.0,Shoreline,WA,98133.0,53033021000.0,1760
King,3009.0,Shoreline,WA,98155.0,53033020302.0,1761
King,3009.0,Shoreline,WA,98155.0,53033020401.0,1762
King,3009.0,Shoreline,WA,98155.0,53033020402.0,1763
King,3009.0,Shoreline,WA,98155.0,53033020500.0,1764
King,3009.0,Shoreline,WA,98155.0,53033020600.0,1765
King,3009.0,Shoreline,WA,98155.0,53033021000.0,1766
King,3009.0,Shoreline,WA,98155.0,53033021100.0,1767
King,3009.0,Shoreline,WA,98155.0,53033021300.0,1768
King,3009.0,Shoreline,WA,98155.0,53033021400.0,1769
King,3009.0,Shoreline,WA,98177.0,53033020100.0,1770
King,3009.0,Shoreline,WA,98177.0,53033020200.0,1771
King,3009.0,Shoreline,WA,98177.0,53033020800.0,1772
King,3009.0,Shoreline,WA,98177.0,53033020900.0,1773
King,3009.0,Skykomish,WA,98224.0,53033032800.0,1774
King,3009.0,Skykomish,WA,98288.0,53033032800.0,1775
King,3009.0,Snoqualmie,WA,98024.0,53033032601.0,1776
King,3009.0,Snoqualmie,WA,98024.0,53033032603.0,1777
King,3009.0,Snoqualmie,WA,98024.0,53033032604.0,1778
King,3009.0,Snoqualmie,WA,98024.0,53033032605.0,1779
King,3009.0,Snoqualmie,WA,98065.0,53033032603.0,1780
King,3009.0,Snoqualmie,WA,98065.0,53033032604.0,1781
King,3009.0,Snoqualmie,WA,98065.0,53033032605.0,1782
King,3009.0,Snoqualmie,WA,98065.0,53033032703.0,1783
King,3009.0,Snoqualmie,WA,98065.0,53033032705.0,1784
King,3009.0,Snoqualmie,WA,98065.0,53033032800.0,1785
King,3009.0,Snoqualmie Pass,WA,98045.0,53033032706.0,1786
King,3009.0,Tukwila,WA,98032.0,53033028300.0,1787
King,3009.0,Tukwila,WA,98108.0,53033026300.0,1788
King,3009.0,Tukwila,WA,98168.0,53033026200.0,1789
King,3009.0,Tukwila,WA,98168.0,53033026300.0,1790
King,3009.0,Tukwila,WA,98168.0,53033026400.0,1791
King,3009.0,Tukwila,WA,98168.0,53033027100.0,1792
King,3009.0,Tukwila,WA,98168.0,53033027200.0,1793
King,3009.0,Tukwila,WA,98168.0,53033027300.0,1794
King,3009.0,Tukwila,WA,98168.0,53033028100.0,1795
King,3009.0,Tukwila,WA,98168.0,53033028200.0,1796
King,3009.0,Tukwila,WA,98178.0,53033026200.0,1797
King,3009.0,Tukwila,WA,98178.0,53033026300.0,1798
King,3009.0,Tukwila,WA,98188.0,53033026200.0,1799
King,3009.0,Tukwila,WA,98188.0,53033028200.0,1800
King,3009.0,Tukwila,WA,98188.0,53033028300.0,1801
King,3009.0,Vashon,WA,98070.0,53033027701.0,1802
King,3009.0,Vashon,WA,98070.0,53033027702.0,1803
King,3009.0,Woodinville,WA,98052.0,53033032321.0,1804
King,3009.0,Woodinville,WA,98052.0,53033032322.0,1805
King,3009.0,Woodinville,WA,98052.0,53033032326.0,1806
King,3009.0,Woodinville,WA,98053.0,53033032326.0,1807
King,3009.0,Woodinville,WA,98072.0,53033021802.0,1808
King,3009.0,Woodinville,WA,98072.0,53033021906.0,1809
King,3009.0,Woodinville,WA,98072.0,53033032307.0,1810
King,3009.0,Woodinville,WA,98072.0,53033032311.0,1811
King,3009.0,Woodinville,WA,98072.0,53033032319.0,1812
King,3009.0,Woodinville,WA,98072.0,53033032320.0,1813
King,3009.0,Woodinville,WA,98072.0,53033032321.0,1814
King,3009.0,Woodinville,WA,98072.0,53033032322.0,1815
King,3009.0,Woodinville,WA,98072.0,53033032326.0,1816
King,3009.0,Woodinville,WA,98072.0,53033032327.0,1817
King,3009.0,Woodinville,WA,98077.0,53033032307.0,1818
King,3009.0,Woodinville,WA,98077.0,53033032311.0,1819
King,3009.0,Woodinville,WA,98077.0,53033032326.0,1820
King,3009.0,Woodinville,WA,98077.0,53033032327.0,1821
King,3009.0,Yarrow Point,WA,98004.0,53033024100.0,1822
King,3194.0,Snoqualmie Pass,WA,98068.0,53033032706.0,1823
King,3210.0,Federal Way,WA,98422.0,53033030312.0,1824
King,3210.0,Milton,WA,98354.0,53033030403.0,1825
King,3213.0,Gold Bar,WA,98251.0,53033032800.0,1826
King,3213.0,Shoreline,WA,98020.0,53033020200.0,1827
King,,Seattle,WA,98160.0,53033020100.0,1828
Kings,74.0,Hanford,CA,93230.0,6031000500.0,1829
Kings,74.0,Hanford,CA,93230.0,6031000603.0,1830
Kings,74.0,Hanford,CA,93230.0,6031001100.0,1831
Kings,2090.0,Brooklyn,NY,11209.0,36047013800.0,1832
Kings,2090.0,Brooklyn,NY,11209.0,36047016400.0,1833
Kitsap,848.0,Bainbridge Island,WA,98110.0,53035090700.0,1834
Kitsap,848.0,Bainbridge Island,WA,98110.0,53035090800.0,1835
Kitsap,848.0,Bainbridge Island,WA,98110.0,53035090901.0,1836
Kitsap,848.0,Bainbridge Island,WA,98110.0,53035090902.0,1837
Kitsap,848.0,Bainbridge Island,WA,98110.0,53035091001.0,1838
Kitsap,848.0,Bainbridge Island,WA,98110.0,53035091002.0,1839
Kitsap,848.0,Bremerton,WA,98310.0,53035080101.0,1840
Kitsap,848.0,Bremerton,WA,98310.0,53035080102.0,1841
Kitsap,848.0,Bremerton,WA,98310.0,53035080200.0,1842
Kitsap,848.0,Bremerton,WA,98310.0,53035080300.0,1843
Kitsap,848.0,Bremerton,WA,98310.0,53035080400.0,1844
Kitsap,848.0,Bremerton,WA,98310.0,53035091800.0,1845
Kitsap,848.0,Bremerton,WA,98310.0,53035091900.0,1846
Kitsap,848.0,Bremerton,WA,98311.0,53035091204.0,1847
Kitsap,848.0,Bremerton,WA,98311.0,53035091205.0,1848
Kitsap,848.0,Bremerton,WA,98311.0,53035091500.0,1849
Kitsap,848.0,Bremerton,WA,98311.0,53035091600.0,1850
Kitsap,848.0,Bremerton,WA,98311.0,53035091701.0,1851
Kitsap,848.0,Bremerton,WA,98311.0,53035091702.0,1852
Kitsap,848.0,Bremerton,WA,98311.0,53035091800.0,1853
Kitsap,848.0,Bremerton,WA,98311.0,53035091900.0,1854
Kitsap,848.0,Bremerton,WA,98312.0,53035080600.0,1855
Kitsap,848.0,Bremerton,WA,98312.0,53035080700.0,1856
Kitsap,848.0,Bremerton,WA,98312.0,53035080800.0,1857
Kitsap,848.0,Bremerton,WA,98312.0,53035080900.0,1858
Kitsap,848.0,Bremerton,WA,98312.0,53035081000.0,1859
Kitsap,848.0,Bremerton,WA,98312.0,53035081100.0,1860
Kitsap,848.0,Bremerton,WA,98312.0,53035081200.0,1861
Kitsap,848.0,Bremerton,WA,98312.0,53035091201.0,1862
Kitsap,848.0,Bremerton,WA,98312.0,53035091301.0,1863
Kitsap,848.0,Bremerton,WA,98312.0,53035091302.0,1864
Kitsap,848.0,Bremerton,WA,98312.0,53035091400.0,1865
Kitsap,848.0,Bremerton,WA,98312.0,53035092000.0,1866
Kitsap,848.0,Bremerton,WA,98312.0,53035092101.0,1867
Kitsap,848.0,Bremerton,WA,98312.0,53035092102.0,1868
Kitsap,848.0,Bremerton,WA,98314.0,53035081400.0,1869
Kitsap,848.0,Bremerton,WA,98337.0,53035080500.0,1870
Kitsap,848.0,Bremerton,WA,98337.0,53035080600.0,1871
Kitsap,848.0,Bremerton,WA,98337.0,53035081200.0,1872
Kitsap,848.0,Bremerton,WA,98337.0,53035081400.0,1873
Kitsap,848.0,Bremerton,WA,98370.0,53035091100.0,1874
Kitsap,848.0,Bremerton,WA,98380.0,53035091301.0,1875
Kitsap,848.0,Bremerton,WA,98380.0,53035092000.0,1876
Kitsap,848.0,Indianola,WA,98342.0,53035940000.0,1877
Kitsap,848.0,Indianola,WA,98370.0,53035940000.0,1878
Kitsap,848.0,Keyport,WA,98345.0,53035091100.0,1879
Kitsap,848.0,Kingston,WA,98346.0,53035090101.0,1880
Kitsap,848.0,Kingston,WA,98346.0,53035090102.0,1881
Kitsap,848.0,Kingston,WA,98346.0,53035090202.0,1882
Kitsap,848.0,Kingston,WA,98346.0,53035940000.0,1883
Kitsap,848.0,Kingston,WA,98370.0,53035090102.0,1884
Kitsap,848.0,Olalla,WA,98359.0,53035092701.0,1885
Kitsap,848.0,Olalla,WA,98359.0,53035092704.0,1886
Kitsap,848.0,Olalla,WA,98359.0,53035092802.0,1887
Kitsap,848.0,Olalla,WA,98359.0,53035092803.0,1888
Kitsap,848.0,Port Gamble,WA,98370.0,53035090202.0,1889
Kitsap,848.0,Port Orchard,WA,98312.0,53035092102.0,1890
Kitsap,848.0,Port Orchard,WA,98366.0,53035092200.0,1891
Kitsap,848.0,Port Orchard,WA,98366.0,53035092300.0,1892
Kitsap,848.0,Port Orchard,WA,98366.0,53035092400.0,1893
Kitsap,848.0,Port Orchard,WA,98366.0,53035092500.0,1894
Kitsap,848.0,Port Orchard,WA,98366.0,53035092600.0,1895
Kitsap,848.0,Port Orchard,WA,98366.0,53035092701.0,1896
Kitsap,848.0,Port Orchard,WA,98366.0,53035092704.0,1897
Kitsap,848.0,Port Orchard,WA,98366.0,53035092801.0,1898
Kitsap,848.0,Port Orchard,WA,98367.0,53035092101.0,1899
Kitsap,848.0,Port Orchard,WA,98367.0,53035092102.0,1900
Kitsap,848.0,Port Orchard,WA,98367.0,53035092701.0,1901
Kitsap,848.0,Port Orchard,WA,98367.0,53035092704.0,1902
Kitsap,848.0,Port Orchard,WA,98367.0,53035092801.0,1903
Kitsap,848.0,Port Orchard,WA,98367.0,53035092802.0,1904
Kitsap,848.0,Port Orchard,WA,98367.0,53035092901.0,1905
Kitsap,848.0,Port Orchard,WA,98367.0,53035092902.0,1906
Kitsap,848.0,Poulsbo,WA,98370.0,53035090101.0,1907
Kitsap,848.0,Poulsbo,WA,98370.0,53035090201.0,1908
Kitsap,848.0,Poulsbo,WA,98370.0,53035090202.0,1909
Kitsap,848.0,Poulsbo,WA,98370.0,53035090400.0,1910
Kitsap,848.0,Poulsbo,WA,98370.0,53035090501.0,1911
Kitsap,848.0,Poulsbo,WA,98370.0,53035090502.0,1912
Kitsap,848.0,Poulsbo,WA,98370.0,53035091100.0,1913
Kitsap,848.0,Poulsbo,WA,98370.0,53035091205.0,1914
Kitsap,848.0,Poulsbo,WA,98370.0,53035940000.0,1915
Kitsap,848.0,Poulsbo,WA,98370.0,53035940100.0,1916
Kitsap,848.0,Poulsbo,WA,98392.0,53035940100.0,1917
Kitsap,848.0,Pouslbo,WA,98370.0,53035090201.0,1918
Kitsap,848.0,Pouslbo,WA,98370.0,53035940100.0,1919
Kitsap,848.0,Seabeck,WA,98380.0,53035091301.0,1920
Kitsap,848.0,Seabeck,WA,98380.0,53035091302.0,1921
Kitsap,848.0,Seabeck,WA,98380.0,53035092000.0,1922
Kitsap,848.0,Silverdale,WA,98311.0,53035091204.0,1923
Kitsap,848.0,Silverdale,WA,98315.0,53035090300.0,1924
Kitsap,848.0,Silverdale,WA,98383.0,53035090400.0,1925
Kitsap,848.0,Silverdale,WA,98383.0,53035091201.0,1926
Kitsap,848.0,Silverdale,WA,98383.0,53035091204.0,1927
Kitsap,848.0,Silverdale,WA,98383.0,53035091205.0,1928
Kitsap,848.0,Silverdale,WA,98383.0,53035091206.0,1929
Kitsap,848.0,Silverdale,WA,98383.0,53035091302.0,1930
Kitsap,848.0,Silverdale,WA,98383.0,53035091400.0,1931
Kitsap,848.0,Suquamish,WA,98392.0,53035940100.0,1932
Kitsap,849.0,Belfair,WA,98528.0,53035092000.0,1933
Kitsap,3210.0,Gig Harbor,WA,98329.0,53035092902.0,1934
Kitsap,3210.0,Port Orchard,WA,98329.0,53035092902.0,1935
Kitsap,,Hansville,WA,98340.0,53035090101.0,1936
Kitsap,,Hansville,WA,98340.0,53035090102.0,1937
Kittitas,2746.0,Yakima,WA,98901.0,53037975700.0,1938
Kittitas,3194.0,Cle Elum,WA,98922.0,53037975101.0,1939
Kittitas,3194.0,Cle Elum,WA,98922.0,53037975102.0,1940
Kittitas,3194.0,Cle Elum,WA,98922.0,53037975103.0,1941
Kittitas,3194.0,Cle Elum,WA,98922.0,53037975104.0,1942
Kittitas,3194.0,Cle Elum,WA,98922.0,53037975201.0,1943
Kittitas,3194.0,Cle Elum,WA,98922.0,53037975300.0,1944
Kittitas,3194.0,Easton,WA,98925.0,53037975101.0,1945
Kittitas,3194.0,Easton,WA,98925.0,53037975201.0,1946
Kittitas,3194.0,Ellensburg,WA,98926.0,53037975202.0,1947
Kittitas,3194.0,Ellensburg,WA,98926.0,53037975203.0,1948
Kittitas,3194.0,Ellensburg,WA,98926.0,53037975300.0,1949
Kittitas,3194.0,Ellensburg,WA,98926.0,53037975402.0,1950
Kittitas,3194.0,Ellensburg,WA,98926.0,53037975403.0,1951
Kittitas,3194.0,Ellensburg,WA,98926.0,53037975404.0,1952
Kittitas,3194.0,Ellensburg,WA,98926.0,53037975500.0,1953
Kittitas,3194.0,Ellensburg,WA,98926.0,53037975600.0,1954
Kittitas,3194.0,Ellensburg,WA,98926.0,53037975700.0,1955
Kittitas,3194.0,Kittitas,WA,98926.0,53037975700.0,1956
Kittitas,3194.0,Kittitas,WA,98934.0,53037975700.0,1957
Kittitas,3194.0,Ronald,WA,98940.0,53037975101.0,1958
Kittitas,3194.0,Ronald,WA,98940.0,53037975104.0,1959
Kittitas,3194.0,Roslyn,WA,98940.0,53037975104.0,1960
Kittitas,3194.0,Roslyn,WA,98941.0,53037975104.0,1961
Kittitas,3194.0,Snoqualmie Pass,WA,98068.0,53037975101.0,1962
Kittitas,3194.0,South Cle Elum,WA,98943.0,53037975102.0,1963
Kittitas,3194.0,Thorp,WA,98926.0,53037975203.0,1964
Kittitas,3194.0,Thorp,WA,98946.0,53037975201.0,1965
Kittitas,3194.0,Thorp,WA,98946.0,53037975203.0,1966
Kittitas,3194.0,Vantage,WA,98950.0,53037975700.0,1967
Klickitat,2955.0,Alderdale,WA,99350.0,53039950101.0,1968
Klickitat,2955.0,Prosser,WA,99350.0,53039950101.0,1969
Klickitat,3195.0,Appleton,WA,98635.0,53039950200.0,1970
Klickitat,3195.0,Bickleton,WA,99322.0,53039950101.0,1971
Klickitat,3195.0,Bingen,WA,98605.0,53039950302.0,1972
Klickitat,3195.0,Bz Corner,WA,98672.0,53039950302.0,1973
Klickitat,3195.0,Centerville,WA,98613.0,53039950102.0,1974
Klickitat,3195.0,Centerville,WA,98613.0,53039950200.0,1975
Klickitat,3195.0,Centerville,WA,98620.0,53039950102.0,1976
Klickitat,3195.0,Dallesport,WA,98617.0,53039950200.0,1977
Klickitat,3195.0,Dallesport,WA,98635.0,53039950200.0,1978
Klickitat,3195.0,Glenwood,WA,98619.0,53039950101.0,1979
Klickitat,3195.0,Goldendale,WA,98620.0,53039950102.0,1980
Klickitat,3195.0,Goldendale,WA,98620.0,53039950103.0,1981
Klickitat,3195.0,High Prairie,WA,98635.0,53039950200.0,1982
Klickitat,3195.0,Husum,WA,98672.0,53039950302.0,1983
Klickitat,3195.0,Klickitat,WA,98628.0,53039950200.0,1984
Klickitat,3195.0,Klickitat,WA,98635.0,53039950200.0,1985
Klickitat,3195.0,Lyle,WA,98635.0,53039950200.0,1986
Klickitat,3195.0,Maryhill,WA,98620.0,53039950103.0,1987
Klickitat,3195.0,Murdock,WA,98617.0,53039950200.0,1988
Klickitat,3195.0,Murdock,WA,98635.0,53039950200.0,1989
Klickitat,3195.0,Northwestern Lake,WA,98672.0,53039950302.0,1990
Klickitat,3195.0,Roosevelt,WA,98620.0,53039950101.0,1991
Klickitat,3195.0,Roosevelt,WA,99356.0,53039950101.0,1992
Klickitat,3195.0,Snowden,WA,98672.0,53039950302.0,1993
Klickitat,3195.0,Trout Lake,WA,98650.0,53039950302.0,1994
Klickitat,3195.0,Wahkiacus,WA,98670.0,53039950200.0,1995
Klickitat,3195.0,White Salmon,WA,98605.0,53039950302.0,1996
Klickitat,3195.0,White Salmon,WA,98635.0,53039950302.0,1997
Klickitat,3195.0,White Salmon,WA,98672.0,53039950301.0,1998
Klickitat,3195.0,White Salmon,WA,98672.0,53039950302.0,1999
Klickitat,3195.0,Wishram,WA,98673.0,53039950200.0,2000
Kootenai,1736.0,Coeur D Alene,ID,83814.0,16055001600.0,2001
Kootenai,1736.0,Post Falls,ID,83854.0,16055000601.0,2002
Kootenai,1736.0,Rathdrum,ID,83858.0,16055000304.0,2003
Kootenai,1736.0,Worley,ID,83876.0,16055940000.0,2004
Lake,1718.0,Buffalo Grove,IL,60089.0,17097864516.0,2005
Lake,1718.0,Great Lakes,IL,60088.0,17097863004.0,2006
Lake,1718.0,Lake Zurich,IL,60047.0,17097864412.0,2007
Lake,1718.0,Libertyville,IL,60048.0,17097864106.0,2008
Laramie,3119.0,Cheyenne,WY,82001.0,56021000702.0,2009
Laramie,3119.0,Cheyenne,WY,82009.0,56021001902.0,2010
Larimer,1012.0,Timnath,CO,80547.0,8069002505.0,2011
Leavenworth,1240.0,Fort Leavenworth,KS,66027.0,20103981900.0,2012
Lewis,2742.0,Rochester,WA,98579.0,53041970100.0,2013
Lewis,3196.0,Centralia,WA,98531.0,53041970100.0,2014
Lewis,3196.0,Centralia,WA,98531.0,53041970200.0,2015
Lewis,3196.0,Centralia,WA,98531.0,53041970300.0,2016
Lewis,3196.0,Centralia,WA,98531.0,53041970400.0,2017
Lewis,3196.0,Centralia,WA,98531.0,53041970500.0,2018
Lewis,3196.0,Centralia,WA,98531.0,53041970600.0,2019
Lewis,3196.0,Centralia,WA,98531.0,53041970700.0,2020
Lewis,3196.0,Centralia,WA,98531.0,53041970800.0,2021
Lewis,3196.0,Centralia,WA,98531.0,53041971100.0,2022
Lewis,3196.0,Chehalis,WA,98531.0,53041971100.0,2023
Lewis,3196.0,Chehalis,WA,98532.0,53041970100.0,2024
Lewis,3196.0,Chehalis,WA,98532.0,53041970200.0,2025
Lewis,3196.0,Chehalis,WA,98532.0,53041970800.0,2026
Lewis,3196.0,Chehalis,WA,98532.0,53041970900.0,2027
Lewis,3196.0,Chehalis,WA,98532.0,53041971000.0,2028
Lewis,3196.0,Chehalis,WA,98532.0,53041971100.0,2029
Lewis,3196.0,Chehalis,WA,98532.0,53041971200.0,2030
Lewis,3196.0,Chehalis,WA,98532.0,53041971300.0,2031
Lewis,3196.0,Chehalis,WA,98532.0,53041971400.0,2032
Lewis,3196.0,Chehalis,WA,98532.0,53041971502.0,2033
Lewis,3196.0,Chehalis,WA,98542.0,53041971200.0,2034
Lewis,3196.0,Cinebar,WA,98533.0,53041971800.0,2035
Lewis,3196.0,Curtis,WA,98532.0,53041971502.0,2036
Lewis,3196.0,Curtis,WA,98538.0,53041971502.0,2037
Lewis,3196.0,Ethel,WA,98532.0,53041971200.0,2038
Lewis,3196.0,Ethel,WA,98542.0,53041971200.0,2039
Lewis,3196.0,Galvin,WA,98544.0,53041970200.0,2040
Lewis,3196.0,Glenoma,WA,98336.0,53041971900.0,2041
Lewis,3196.0,Mineral,WA,98355.0,53041971800.0,2042
Lewis,3196.0,Morton,WA,98356.0,53041971700.0,2043
Lewis,3196.0,Morton,WA,98356.0,53041971800.0,2044
Lewis,3196.0,Morton,WA,98356.0,53041971900.0,2045
Lewis,3196.0,Mossyrock,WA,98564.0,53041971700.0,2046
Lewis,3196.0,Napavine,WA,98532.0,53041971300.0,2047
Lewis,3196.0,Napavine,WA,98565.0,53041971300.0,2048
Lewis,3196.0,Onalaska,WA,98532.0,53041971100.0,2049
Lewis,3196.0,Onalaska,WA,98570.0,53041971100.0,2050
Lewis,3196.0,Onalaska,WA,98570.0,53041971200.0,2051
Lewis,3196.0,Onalaska,WA,98570.0,53041971800.0,2052
Lewis,3196.0,Packwood,WA,98361.0,53041972000.0,2053
Lewis,3196.0,Packwood,WA,98377.0,53041972000.0,2054
Lewis,3196.0,Pe Ell,WA,98572.0,53041971502.0,2055
Lewis,3196.0,Randle,WA,98377.0,53041971900.0,2056
Lewis,3196.0,Randle,WA,98377.0,53041972000.0,2057
Lewis,3196.0,Salkum,WA,98582.0,53041971200.0,2058
Lewis,3196.0,Salkum,WA,98582.0,53041971800.0,2059
Lewis,3196.0,Silver Creek,WA,98585.0,53041971200.0,2060
Lewis,3196.0,Silver Creek,WA,98585.0,53041971700.0,2061
Lewis,3196.0,Silver Creek,WA,98585.0,53041971800.0,2062
Lewis,3196.0,Toledo,WA,98591.0,53041971200.0,2063
Lewis,3196.0,Toledo,WA,98591.0,53041971300.0,2064
Lewis,3196.0,Toledo,WA,98591.0,53041971600.0,2065
Lewis,3196.0,Toledo,WA,98591.0,53041971700.0,2066
Lewis,3196.0,Vader,WA,98593.0,53041971600.0,2067
Lewis,3196.0,Winlock,WA,98596.0,53041971300.0,2068
Lewis,3196.0,Winlock,WA,98596.0,53041971501.0,2069
Lewis,3196.0,Winlock,WA,98596.0,53041971502.0,2070
Lewis,3196.0,Winlock,WA,98596.0,53041971600.0,2071
Lewis,3210.0,Ashford,WA,98304.0,53041971800.0,2072
Lexington,2528.0,West Columbia,SC,29172.0,45063020707.0,2073
Lincoln,2741.0,Ford,WA,99013.0,53043960200.0,2074
Lincoln,2982.0,Grand Coulee,WA,99133.0,53043960300.0,2075
Lincoln,3197.0,Almira,WA,99103.0,53043960300.0,2076
Lincoln,3197.0,Creston,WA,99117.0,53043960300.0,2077
Lincoln,3197.0,Davenport,WA,99122.0,53043960100.0,2078
Lincoln,3197.0,Davenport,WA,99122.0,53043960200.0,2079
Lincoln,3197.0,Davenport,WA,99122.0,53043960400.0,2080
Lincoln,3197.0,Deer Meadows,WA,99122.0,53043960200.0,2081
Lincoln,3197.0,Edwall,WA,99008.0,53043960400.0,2082
Lincoln,3197.0,Harrington,WA,99134.0,53043960400.0,2083
Lincoln,3197.0,Lincoln,WA,99147.0,53043960300.0,2084
Lincoln,3197.0,Odessa,WA,99159.0,53043960400.0,2085
Lincoln,3197.0,Reardan,WA,99029.0,53043960200.0,2086
Lincoln,3197.0,Seven Bays,WA,99122.0,53043960200.0,2087
Lincoln,3197.0,Sprague,WA,99032.0,53043960400.0,2088
Lincoln,3197.0,Wilbur,WA,99185.0,53043960300.0,2089
Long,1461.0,Ludowici,GA,31316.0,13183970102.0,2090
Los Angeles,1195.0,Arcadia,CA,91006.0,6037431400.0,2091
Los Angeles,1195.0,Calabasas,CA,91302.0,6037800104.0,2092
Los Angeles,1195.0,Culver City,CA,90232.0,6037702801.0,2093
Los Angeles,1195.0,Hawthorne,CA,90250.0,6037602302.0,2094
Los Angeles,1195.0,Hidden Hills,CA,91302.0,6037800206.0,2095
Los Angeles,1195.0,Lancaster,CA,93536.0,6037910301.0,2096
Los Angeles,1195.0,Lomita,CA,90717.0,6037670003.0,2097
Los Angeles,1195.0,Los Angeles,CA,90005.0,6037212502.0,2098
Los Angeles,1195.0,Los Angeles,CA,90064.0,6037267800.0,2099
Los Angeles,1195.0,Los Angeles,CA,90068.0,6037143700.0,2100
Los Angeles,1195.0,Los Angeles,CA,90068.0,6037189704.0,2101
Los Angeles,1195.0,Monrovia,CA,91016.0,6037430902.0,2102
Los Angeles,1195.0,Torrance,CA,90504.0,6037650101.0,2103
Loudoun,2815.0,Brambleton,VA,20148.0,51107611026.0,2104
Loudoun,2815.0,Chantilly,VA,20152.0,51107611804.0,2105
Loudoun,2815.0,Sterling,VA,20166.0,51107611601.0,2106
Macomb,1265.0,Warren,MI,48092.0,26099262100.0,2107
Madison,1749.0,Saint Jacob,IL,62281.0,17119403531.0,2108
Manatee,49.0,Bradenton,FL,34203.0,12081002005.0,2109
Maricopa,989.0,Buckeye,AZ,85396.0,4013050619.0,2110
Maricopa,989.0,Laveen,AZ,85339.0,4013116619.0,2111
Maricopa,989.0,Phoenix,AZ,85016.0,4013108501.0,2112
Maricopa,989.0,Phoenix,AZ,85017.0,4013107201.0,2113
Maricopa,989.0,Scottsdale,AZ,85250.0,4013216901.0,2114
Maricopa,989.0,Scottsdale,AZ,85251.0,4013217700.0,2115
Maricopa,989.0,Scottsdale,AZ,85254.0,4013103219.0,2116
Maricopa,989.0,Scottsdale,AZ,85255.0,4013216845.0,2117
Maricopa,989.0,Surprise,AZ,85379.0,4013061035.0,2118
Maricopa,989.0,Tempe,AZ,85281.0,4013318700.0,2119
Marin,1167.0,Larkspur,CA,94939.0,6041120001.0,2120
Marin,1167.0,Mill Valley,CA,94941.0,6041126100.0,2121
Marin,1167.0,Novato,CA,94947.0,6041104102.0,2122
Marin,1167.0,San Rafael,CA,94901.0,6041111002.0,2123
Marion,1904.0,Indianapolis,IN,46240.0,18097320205.0,2124
Mason,849.0,Allyn,WA,98524.0,53045960401.0,2125
Mason,849.0,Allyn,WA,98524.0,53045960403.0,2126
Mason,849.0,Belfair,WA,98528.0,53045960301.0,2127
Mason,849.0,Belfair,WA,98528.0,53045960302.0,2128
Mason,849.0,Belfair,WA,98528.0,53045960401.0,2129
Mason,849.0,Belfair,WA,98528.0,53045960402.0,2130
Mason,849.0,Belfair,WA,98528.0,53045960500.0,2131
Mason,849.0,Grapeview,WA,98546.0,53045960403.0,2132
Mason,849.0,Grapeview,WA,98546.0,53045960500.0,2133
Mason,849.0,Grapeview,WA,98546.0,53045961200.0,2134
Mason,849.0,Hoodsport,WA,98548.0,53045960100.0,2135
Mason,849.0,Hoodsport,WA,98548.0,53045960201.0,2136
Mason,849.0,Hoodsport,WA,98584.0,53045960100.0,2137
Mason,849.0,Matlock,WA,98560.0,53045960100.0,2138
Mason,849.0,Shelton,WA,98584.0,53045940000.0,2139
Mason,849.0,Shelton,WA,98584.0,53045960100.0,2140
Mason,849.0,Shelton,WA,98584.0,53045960201.0,2141
Mason,849.0,Shelton,WA,98584.0,53045960202.0,2142
Mason,849.0,Shelton,WA,98584.0,53045960500.0,2143
Mason,849.0,Shelton,WA,98584.0,53045960600.0,2144
Mason,849.0,Shelton,WA,98584.0,53045960700.0,2145
Mason,849.0,Shelton,WA,98584.0,53045960800.0,2146
Mason,849.0,Shelton,WA,98584.0,53045960900.0,2147
Mason,849.0,Shelton,WA,98584.0,53045961000.0,2148
Mason,849.0,Shelton,WA,98584.0,53045961101.0,2149
Mason,849.0,Shelton,WA,98584.0,53045961102.0,2150
Mason,849.0,Shelton,WA,98584.0,53045961200.0,2151
Mason,849.0,Shelton,WA,98584.0,53045961300.0,2152
Mason,849.0,Tahuya,WA,98588.0,53045960301.0,2153
Mason,849.0,Tahuya,WA,98588.0,53045960302.0,2154
Mason,849.0,Union,WA,98592.0,53045960500.0,2155
Mason,2742.0,Olympia,WA,98502.0,53045961300.0,2156
Mason,2983.0,Elma,WA,98541.0,53045960202.0,2157
Mason,2983.0,Elma,WA,98541.0,53045961300.0,2158
Mason,2983.0,McCleary,WA,98557.0,53045961300.0,2159
Mason,,Lilliwaup,WA,98555.0,53045960201.0,2160
Maui,209.0,Kihei,HI,96753.0,15009030307.0,2161
Maui,209.0,Paia,HI,96779.0,15009031900.0,2162
Meade,1283.0,Fort Knox,KY,40121.0,21163970200.0,2163
Medina,590.0,Medina,OH,44256.0,39103403002.0,2164
Medina,3027.0,San Antonio,TX,78253.0,48325000103.0,2165
Miami-Dade,1074.0,Coral Gables,FL,33146.0,12086007403.0,2166
Miami-Dade,1074.0,Hialeah,FL,33018.0,12086012701.0,2167
Middlesex,1915.0,Burlington,MA,1803.0,25017332100.0,2168
Middlesex,1915.0,Cambridge,MA,2139.0,25017359400.0,2169
Middlesex,1915.0,Waban,MA,2468.0,25017374200.0,2170
Middlesex,1915.0,Waltham,MA,2453.0,25017368500.0,2171
Miller,2124.0,Lake Ozark,MO,65049.0,29131962701.0,2172
Milwaukee,3030.0,Milwaukee,WI,53213.0,55079091000.0,2173
Milwaukee,3030.0,Milwaukee,WI,53217.0,55079060200.0,2174
Monmouth,2491.0,Freehold,NJ,7728.0,34025811102.0,2175
Monroe,879.0,Tomah,WI,54660.0,55081950500.0,2176
Monterey,1171.0,Marina,CA,93933.0,6053014104.0,2177
Monterey,1171.0,Monterey,CA,93940.0,6053013000.0,2178
Monterey,1171.0,Pacific Grove,CA,93950.0,6053012000.0,2179
Monterey,1171.0,Seaside,CA,93955.0,6053014108.0,2180
Montgomery,1814.0,Bethesda,MD,20814.0,24031705000.0,2181
Montgomery,1814.0,Gaithersburg,MD,20878.0,24031700604.0,2182
Montgomery,1814.0,Gaithersburg,MD,20878.0,24031700826.0,2183
Montgomery,1814.0,Gaithersburg,MD,20882.0,24031700103.0,2184
Montgomery,1814.0,Germantown,MD,20874.0,24031700306.0,2185
Montgomery,2613.0,Dayton,OH,45458.0,39113040305.0,2186
Moore,2431.0,Aberdeen,NC,28315.0,37125951200.0,2187
Moore,2431.0,Carthage,NC,28327.0,37125950402.0,2188
Moore,2431.0,Vass,NC,28394.0,37125950504.0,2189
Multnomah,2410.0,Fairview,OR,97024.0,41051010200.0,2190
Multnomah,2410.0,Gresham,OR,97080.0,41051010408.0,2191
Multnomah,2410.0,Portland,OR,97208.0,41051005102.0,2192
Multnomah,2410.0,Portland,OR,97209.0,41051005002.0,2193
Multnomah,2410.0,Portland,OR,97209.0,41051005102.0,2194
Multnomah,2410.0,Portland,OR,97213.0,41051002901.0,2195
Multnomah,2410.0,Portland,OR,97220.0,41051001702.0,2196
Multnomah,2410.0,Portland,OR,97230.0,41051009501.0,2197
Multnomah,2410.0,Portland,OR,97239.0,41051006001.0,2198
Muscogee,1513.0,Columbus,GA,31907.0,13215010702.0,2199
Muscogee,1513.0,Columbus,GA,31909.0,13215010209.0,2200
Nassau,2094.0,Great Neck,NY,11021.0,36059300600.0,2201
New London,1045.0,Gales Ferry,CT,6335.0,9011701200.0,2202
New London,1045.0,Mystic,CT,6355.0,9011702100.0,2203
New London,1045.0,Norwich,CT,6360.0,9011696200.0,2204
New London,1045.0,Norwich,CT,6360.0,9011696600.0,2205
New London,1045.0,Old Lyme,CT,6371.0,9011660101.0,2206
New York,2095.0,New York,NY,10009.0,36061002202.0,2207
New York,2095.0,New York,NY,10025.0,36061017900.0,2208
New York,2095.0,New York,NY,10029.0,36061017401.0,2209
Newport,2659.0,Middletown,RI,2842.0,44005040400.0,2210
Newport,2659.0,Newport,RI,2840.0,44005040600.0,2211
Niagara,2131.0,Lewiston,NY,14092.0,36063024404.0,2212
Norfolk,1915.0,Chestnut Hill,MA,2467.0,25021401201.0,2213
Norfolk,2943.0,Norfolk,VA,23502.0,51710006901.0,2214
Norfolk,2943.0,Norfolk,VA,23503.0,51710000600.0,2215
Nueces,2829.0,Corpus Christi,TX,78413.0,48355005409.0,2216
Nye,2401.0,Pahrump,NV,89060.0,32023960415.0,2217
Ocean,489.0,Manchester Township,NJ,8759.0,34029720106.0,2218
Okaloosa,1076.0,Crestview,FL,32536.0,12091020500.0,2219
Okaloosa,1076.0,Crestview,FL,32536.0,12091020601.0,2220
Okaloosa,1076.0,Niceville,FL,32578.0,12091020800.0,2221
Okanogan,2956.0,Chelan,WA,98816.0,53047971000.0,2222
Okanogan,3198.0,Brewster,WA,98812.0,53047970800.0,2223
Okanogan,3198.0,Carlton,WA,98814.0,53047971000.0,2224
Okanogan,3198.0,Carlton,WA,98834.0,53047971000.0,2225
Okanogan,3198.0,Conconully,WA,98819.0,53047970500.0,2226
Okanogan,3198.0,Coulee Dam,WA,99116.0,53047940100.0,2227
Okanogan,3198.0,Elmer City,WA,99124.0,53047940100.0,2228
Okanogan,3198.0,Malott,WA,98812.0,53047970800.0,2229
Okanogan,3198.0,Malott,WA,98840.0,53047940200.0,2230
Okanogan,3198.0,Mazama,WA,98833.0,53047970900.0,2231
Okanogan,3198.0,Methow,WA,98834.0,53047970800.0,2232
Okanogan,3198.0,Methow,WA,98834.0,53047971000.0,2233
Okanogan,3198.0,Methow,WA,98846.0,53047970800.0,2234
Okanogan,3198.0,Nespelem,WA,99155.0,53047940100.0,2235
Okanogan,3198.0,Okanogan,WA,98840.0,53047940200.0,2236
Okanogan,3198.0,Okanogan,WA,98840.0,53047970500.0,2237
Okanogan,3198.0,Okanogan,WA,98840.0,53047970700.0,2238
Okanogan,3198.0,Omak,WA,98841.0,53047940200.0,2239
Okanogan,3198.0,Omak,WA,98841.0,53047970500.0,2240
Okanogan,3198.0,Omak,WA,98841.0,53047970601.0,2241
Okanogan,3198.0,Omak,WA,98841.0,53047970602.0,2242
Okanogan,3198.0,Oroville,WA,98844.0,53047970301.0,2243
Okanogan,3198.0,Oroville,WA,98844.0,53047970302.0,2244
Okanogan,3198.0,Oroville,WA,98844.0,53047970303.0,2245
Okanogan,3198.0,Pateros,WA,98846.0,53047970800.0,2246
Okanogan,3198.0,Pateros,WA,98846.0,53047971000.0,2247
Okanogan,3198.0,Riverside,WA,98849.0,53047970500.0,2248
Okanogan,3198.0,Tonasket,WA,98855.0,53047970302.0,2249
Okanogan,3198.0,Tonasket,WA,98855.0,53047970303.0,2250
Okanogan,3198.0,Tonasket,WA,98855.0,53047970400.0,2251
Okanogan,3198.0,Tonasket,WA,98855.0,53047970500.0,2252
Okanogan,3198.0,Twisp,WA,98856.0,53047970900.0,2253
Okanogan,3198.0,Twisp,WA,98856.0,53047971000.0,2254
Okanogan,3198.0,Winthrop,WA,98833.0,53047970900.0,2255
Okanogan,3198.0,Winthrop,WA,98856.0,53047970900.0,2256
Okanogan,3198.0,Winthrop,WA,98862.0,53047970900.0,2257
Okanogan,3198.0,Winthrop,WA,98862.0,53047971000.0,2258
Oldham,1476.0,Goshen,KY,40026.0,21185030802.0,2259
Onondaga,2132.0,Liverpool,NY,13090.0,36067011231.0,2260
Orange,1078.0,Orlando,FL,32808.0,12095012402.0,2261
Orange,1078.0,Orlando,FL,32828.0,12095016748.0,2262
Orange,1078.0,Orlando,FL,32835.0,12095014807.0,2263
Orange,1078.0,Winter Park,FL,32789.0,12095016002.0,2264
Orange,1174.0,Aliso Viejo,CA,92656.0,6059062640.0,2265
Orange,1174.0,Buena Park,CA,90620.0,6059086801.0,2266
Orange,1174.0,Cypress,CA,90720.0,6059110113.0,2267
Orange,1174.0,Dana Point,CA,92629.0,6059042338.0,2268
Orange,1174.0,Garden Grove,CA,92844.0,6059088801.0,2269
Orange,1174.0,Huntington Beach,CA,92646.0,6059099237.0,2270
Orange,1174.0,Huntington Beach,CA,92648.0,6059099308.0,2271
Orange,1174.0,Irvine,CA,92602.0,6059052435.0,2272
Orange,1174.0,Ladera Ranch,CA,92694.0,6059032066.0,2273
Orange,1174.0,Laguna Hills,CA,92656.0,6059042320.0,2274
Orange,1174.0,Laguna Niguel,CA,92677.0,6059042335.0,2275
Orange,1174.0,Lake Forest,CA,92630.0,6059032027.0,2276
Orange,1174.0,Lake Forest,CA,92630.0,6059052422.0,2277
Orange,1174.0,Lake Forest,CA,92630.0,6059052424.0,2278
Orange,1174.0,Trabuco Canyon,CA,92679.0,6059032043.0,2279
Orange,1174.0,Tustin,CA,92782.0,6059075518.0,2280
Orange,1174.0,Yorba Linda,CA,92886.0,6059021817.0,2281
Orange,2134.0,West Point,NY,10996.0,36071013600.0,2282
Orange,2844.0,Barboursville,VA,22923.0,51137110302.0,2283
Osceola,1079.0,Kissimmee,FL,34747.0,12097040808.0,2284
Otero,614.0,Holloman Air Force Base,NM,88330.0,35035000604.0,2285
Pacific,2983.0,Grayland,WA,98547.0,53049950301.0,2286
Pacific,2983.0,North Cove,WA,98547.0,53049950301.0,2287
Pacific,3208.0,Bay Center,WA,98527.0,53049950301.0,2288
Pacific,3208.0,Bay Center,WA,98586.0,53049950301.0,2289
Pacific,3208.0,Frances,WA,98577.0,53049950400.0,2290
Pacific,3208.0,Ilwaco,WA,98624.0,53049950400.0,2291
Pacific,3208.0,Ilwaco,WA,98624.0,53049950501.0,2292
Pacific,3208.0,Ilwaco,WA,98624.0,53049950502.0,2293
Pacific,3208.0,Lebam,WA,98577.0,53049950400.0,2294
Pacific,3208.0,Long Beach,WA,98631.0,53049950501.0,2295
Pacific,3208.0,Long Beach,WA,98631.0,53049950600.0,2296
Pacific,3208.0,Long Beach,WA,98631.0,53049950702.0,2297
Pacific,3208.0,Menlo,WA,98577.0,53049950301.0,2298
Pacific,3208.0,Menlo,WA,98577.0,53049950400.0,2299
Pacific,3208.0,Nahcotta,WA,98640.0,53049950802.0,2300
Pacific,3208.0,Naselle,WA,98638.0,53049950400.0,2301
Pacific,3208.0,Nemah,WA,98586.0,53049950400.0,2302
Pacific,3208.0,Ocean Park,WA,98631.0,53049950702.0,2303
Pacific,3208.0,Ocean Park,WA,98640.0,53049950701.0,2304
Pacific,3208.0,Ocean Park,WA,98640.0,53049950702.0,2305
Pacific,3208.0,Ocean Park,WA,98640.0,53049950801.0,2306
Pacific,3208.0,Ocean Park,WA,98640.0,53049950802.0,2307
Pacific,3208.0,Oysterville,WA,98640.0,53049950801.0,2308
Pacific,3208.0,Oysterville,WA,98641.0,53049950801.0,2309
Pacific,3208.0,Raymond,WA,98577.0,53049950200.0,2310
Pacific,3208.0,Raymond,WA,98577.0,53049950301.0,2311
Pacific,3208.0,Raymond,WA,98577.0,53049950302.0,2312
Pacific,3208.0,Raymond,WA,98577.0,53049950400.0,2313
Pacific,3208.0,Seaview,WA,98624.0,53049950502.0,2314
Pacific,3208.0,Seaview,WA,98631.0,53049950501.0,2315
Pacific,3208.0,Seaview,WA,98644.0,53049950501.0,2316
Pacific,3208.0,Seaview,WA,98644.0,53049950502.0,2317
Pacific,3208.0,Smith Creek,WA,98577.0,53049950200.0,2318
Pacific,3208.0,South Bend,WA,98577.0,53049950302.0,2319
Pacific,3208.0,South Bend,WA,98586.0,53049950301.0,2320
Pacific,3208.0,South Bend,WA,98586.0,53049950302.0,2321
Pacific,3208.0,Surfside,WA,98640.0,53049950801.0,2322
Pacific,3208.0,Willapa,WA,98577.0,53049950400.0,2323
Pacific,,Chinook,WA,98614.0,53049950400.0,2324
Pacific,,Long Beach,WA,98634.0,53049950501.0,2325
Pacific,,Long Beach,WA,98634.0,53049950600.0,2326
Pacific,,Long Beach,WA,98634.0,53049950702.0,2327
Pacific,,North Cove,WA,98590.0,53049950301.0,2328
Pacific,,Tokeland,WA,98590.0,53049950301.0,2329
Palm Beach,52.0,Boca Raton,FL,33496.0,12099007006.0,2330
Palm Beach,52.0,West Palm Beach,FL,33401.0,12099002800.0,2331
Pend Oreille,3209.0,Cusick,WA,99119.0,53051970200.0,2332
Pend Oreille,3209.0,Ione,WA,99139.0,53051970100.0,2333
Pend Oreille,3209.0,Metaline,WA,99152.0,53051970100.0,2334
Pend Oreille,3209.0,Newport,WA,99156.0,53051970200.0,2335
Pend Oreille,3209.0,Newport,WA,99156.0,53051970300.0,2336
Pend Oreille,3209.0,Newport,WA,99156.0,53051970400.0,2337
Pend Oreille,3209.0,Newport,WA,99156.0,53051970500.0,2338
Pend Oreille,3209.0,Usk,WA,99180.0,53051970200.0,2339
Pend Oreille,3214.0,Elk,WA,99009.0,53051970400.0,2340
Pend Oreille,3214.0,Elk,WA,99009.0,53051970500.0,2341
Penobscot,1724.0,Brewer,ME,4412.0,23019004300.0,2342
Pierce,3009.0,Auburn,WA,98092.0,53053070315.0,2343
Pierce,3009.0,Auburn,WA,98092.0,53053070316.0,2344
Pierce,3009.0,Enumclaw,WA,98022.0,53053070100.0,2345
Pierce,3009.0,Pacific,WA,98047.0,53053073301.0,2346
Pierce,3210.0,Anderson Island,WA,98303.0,53053072603.0,2347
Pierce,3210.0,Artondale,WA,98335.0,53053072409.0,2348
Pierce,3210.0,Ashford,WA,98304.0,53053073200.0,2349
Pierce,3210.0,Bonney Lake,WA,98391.0,53053070204.0,2350
Pierce,3210.0,Bonney Lake,WA,98391.0,53053070205.0,2351
Pierce,3210.0,Bonney Lake,WA,98391.0,53053070208.0,2352
Pierce,3210.0,Bonney Lake,WA,98391.0,53053070209.0,2353
Pierce,3210.0,Bonney Lake,WA,98391.0,53053070307.0,2354
Pierce,3210.0,Bonney Lake,WA,98391.0,53053070308.0,2355
Pierce,3210.0,Bonney Lake,WA,98391.0,53053070309.0,2356
Pierce,3210.0,Bonney Lake,WA,98391.0,53053070310.0,2357
Pierce,3210.0,Bonney Lake,WA,98391.0,53053070311.0,2358
Pierce,3210.0,Bonney Lake,WA,98391.0,53053070312.0,2359
Pierce,3210.0,Bonney Lake,WA,98391.0,53053070313.0,2360
Pierce,3210.0,Bonney Lake,WA,98391.0,53053070314.0,2361
Pierce,3210.0,Bonney Lake,WA,98391.0,53053070315.0,2362
Pierce,3210.0,Buckley,WA,98321.0,53053070204.0,2363
Pierce,3210.0,Buckley,WA,98321.0,53053070205.0,2364
Pierce,3210.0,Buckley,WA,98321.0,53053070206.0,2365
Pierce,3210.0,Buckley,WA,98321.0,53053070207.0,2366
Pierce,3210.0,Buckley,WA,98321.0,53053070307.0,2367
Pierce,3210.0,Buckley,WA,98321.0,53053070309.0,2368
Pierce,3210.0,Buckley,WA,98321.0,53053070311.0,2369
Pierce,3210.0,Carbonado,WA,98323.0,53053070100.0,2370
Pierce,3210.0,Carbonado,WA,98323.0,53053070206.0,2371
Pierce,3210.0,Dupont,WA,98327.0,53053072801.0,2372
Pierce,3210.0,Dupont,WA,98327.0,53053072802.0,2373
Pierce,3210.0,Eatonville,WA,98328.0,53053073005.0,2374
Pierce,3210.0,Eatonville,WA,98328.0,53053073006.0,2375
Pierce,3210.0,Eatonville,WA,98328.0,53053073117.0,2376
Pierce,3210.0,Eatonville,WA,98328.0,53053073119.0,2377
Pierce,3210.0,Eatonville,WA,98328.0,53053073200.0,2378
Pierce,3210.0,Edgewood,WA,98371.0,53053073501.0,2379
Pierce,3210.0,Edgewood,WA,98371.0,53053073502.0,2380
Pierce,3210.0,Edgewood,WA,98371.0,53053940009.0,2381
Pierce,3210.0,Edgewood,WA,98372.0,53053073501.0,2382
Pierce,3210.0,Edgewood,WA,98372.0,53053073502.0,2383
Pierce,3210.0,Elbe,WA,98330.0,53053073200.0,2384
Pierce,3210.0,Fife,WA,98424.0,53053060200.0,2385
Pierce,3210.0,Fife,WA,98424.0,53053940002.0,2386
Pierce,3210.0,Fife,WA,98424.0,53053940009.0,2387
Pierce,3210.0,Fife,WA,98424.0,53053940010.0,2388
Pierce,3210.0,Fife,WA,98424.0,53053940012.0,2389
Pierce,3210.0,Fife,WA,98424.0,53053940013.0,2390
Pierce,3210.0,Fircrest,WA,98466.0,53053072305.0,2391
Pierce,3210.0,Fircrest,WA,98466.0,53053072307.0,2392
Pierce,3210.0,Fircrest,WA,98466.0,53053072309.0,2393
Pierce,3210.0,Fircrest,WA,98466.0,53053072310.0,2394
Pierce,3210.0,Fircrest,WA,98466.0,53053072311.0,2395
Pierce,3210.0,Fircrest,WA,98466.0,53053072313.0,2396
Pierce,3210.0,Fox Island,WA,98333.0,53053072410.0,2397
Pierce,3210.0,Gig Harbor,WA,98329.0,53053072503.0,2398
Pierce,3210.0,Gig Harbor,WA,98329.0,53053072601.0,2399
Pierce,3210.0,Gig Harbor,WA,98329.0,53053072602.0,2400
Pierce,3210.0,Gig Harbor,WA,98332.0,53053072504.0,2401
Pierce,3210.0,Gig Harbor,WA,98332.0,53053072506.0,2402
Pierce,3210.0,Gig Harbor,WA,98332.0,53053072507.0,2403
Pierce,3210.0,Gig Harbor,WA,98332.0,53053072508.0,2404
Pierce,3210.0,Gig Harbor,WA,98332.0,53053072509.0,2405
Pierce,3210.0,Gig Harbor,WA,98335.0,53053072405.0,2406
Pierce,3210.0,Gig Harbor,WA,98335.0,53053072406.0,2407
Pierce,3210.0,Gig Harbor,WA,98335.0,53053072407.0,2408
Pierce,3210.0,Gig Harbor,WA,98335.0,53053072408.0,2409
Pierce,3210.0,Gig Harbor,WA,98335.0,53053072409.0,2410
Pierce,3210.0,Gig Harbor,WA,98335.0,53053072504.0,2411
Pierce,3210.0,Gig Harbor,WA,98335.0,53053072507.0,2412
Pierce,3210.0,Graham,WA,98338.0,53053070403.0,2413
Pierce,3210.0,Graham,WA,98338.0,53053071415.0,2414
Pierce,3210.0,Graham,WA,98338.0,53053073005.0,2415
Pierce,3210.0,Graham,WA,98338.0,53053073114.0,2416
Pierce,3210.0,Graham,WA,98338.0,53053073115.0,2417
Pierce,3210.0,Graham,WA,98338.0,53053073116.0,2418
Pierce,3210.0,Graham,WA,98338.0,53053073117.0,2419
Pierce,3210.0,Graham,WA,98338.0,53053073118.0,2420
Pierce,3210.0,Graham,WA,98338.0,53053073119.0,2421
Pierce,3210.0,Graham,WA,98338.0,53053073124.0,2422
Pierce,3210.0,Graham,WA,98338.0,53053073129.0,2423
Pierce,3210.0,Graham,WA,98338.0,53053073130.0,2424
Pierce,3210.0,Graham,WA,98338.0,53053073132.0,2425
Pierce,3210.0,Incorporated,WA,98499.0,53053071805.0,2426
Pierce,3210.0,Joint Base Lewis Mcchord,WA,98433.0,53053072903.0,2427
Pierce,3210.0,Joint Base Lewis Mcchord,WA,98433.0,53053072907.0,2428
Pierce,3210.0,Joint Base Lewis Mcchord,WA,98433.0,53053072908.0,2429
Pierce,3210.0,Joint Base Lewis Mcchord,WA,98433.0,53053072909.0,2430
Pierce,3210.0,Joint Base Lewis Mcchord,WA,98438.0,53053072901.0,2431
Pierce,3210.0,Lake Tapps,WA,98391.0,53053070307.0,2432
Pierce,3210.0,Lake Tapps,WA,98391.0,53053070313.0,2433
Pierce,3210.0,Lake Tapps,WA,98391.0,53053070314.0,2434
Pierce,3210.0,Lake Tapps,WA,98391.0,53053070315.0,2435
Pierce,3210.0,Lakebay,WA,98349.0,53053072601.0,2436
Pierce,3210.0,Lakebay,WA,98349.0,53053072602.0,2437
Pierce,3210.0,Lakebay,WA,98349.0,53053072603.0,2438
Pierce,3210.0,Lakewood,WA,98439.0,53053072000.0,2439
Pierce,3210.0,Lakewood,WA,98439.0,53053072901.0,2440
Pierce,3210.0,Lakewood,WA,98496.0,53053071807.0,2441
Pierce,3210.0,Lakewood,WA,98498.0,53053071902.0,2442
Pierce,3210.0,Lakewood,WA,98498.0,53053072000.0,2443
Pierce,3210.0,Lakewood,WA,98498.0,53053072105.0,2444
Pierce,3210.0,Lakewood,WA,98498.0,53053072106.0,2445
Pierce,3210.0,Lakewood,WA,98498.0,53053072107.0,2446
Pierce,3210.0,Lakewood,WA,98498.0,53053072108.0,2447
Pierce,3210.0,Lakewood,WA,98498.0,53053072111.0,2448
Pierce,3210.0,Lakewood,WA,98498.0,53053072112.0,2449
Pierce,3210.0,Lakewood,WA,98499.0,53053071704.0,2450
Pierce,3210.0,Lakewood,WA,98499.0,53053071803.0,2451
Pierce,3210.0,Lakewood,WA,98499.0,53053071805.0,2452
Pierce,3210.0,Lakewood,WA,98499.0,53053071806.0,2453
Pierce,3210.0,Lakewood,WA,98499.0,53053071807.0,2454
Pierce,3210.0,Lakewood,WA,98499.0,53053071808.0,2455
Pierce,3210.0,Lakewood,WA,98499.0,53053071901.0,2456
Pierce,3210.0,Lakewood,WA,98499.0,53053071902.0,2457
Pierce,3210.0,Lakewood,WA,98499.0,53053072106.0,2458
Pierce,3210.0,Longbranch,WA,98351.0,53053072603.0,2459
Pierce,3210.0,McChord AFB,WA,98439.0,53053072901.0,2460
Pierce,3210.0,Mckenna,WA,98558.0,53053073001.0,2461
Pierce,3210.0,Milton,WA,98354.0,53053070703.0,2462
Pierce,3210.0,Milton,WA,98354.0,53053940002.0,2463
Pierce,3210.0,Milton,WA,98354.0,53053940009.0,2464
Pierce,3210.0,Orting,WA,98360.0,53053070100.0,2465
Pierce,3210.0,Orting,WA,98360.0,53053070204.0,2466
Pierce,3210.0,Orting,WA,98360.0,53053070206.0,2467
Pierce,3210.0,Orting,WA,98360.0,53053070208.0,2468
Pierce,3210.0,Orting,WA,98360.0,53053070403.0,2469
Pierce,3210.0,Orting,WA,98360.0,53053070404.0,2470
Pierce,3210.0,Orting,WA,98360.0,53053073110.0,2471
Pierce,3210.0,Orting,WA,98360.0,53053073118.0,2472
Pierce,3210.0,Orting,WA,98360.0,53053073119.0,2473
Pierce,3210.0,Orting,WA,98360.0,53053073130.0,2474
Pierce,3210.0,Parkland,WA,98444.0,53053071505.0,2475
Pierce,3210.0,Parkland,WA,98446.0,53053071100.0,2476
Pierce,3210.0,Parkland,WA,98446.0,53053071305.0,2477
Pierce,3210.0,Parkland,WA,98446.0,53053071306.0,2478
Pierce,3210.0,Parkland,WA,98446.0,53053071309.0,2479
Pierce,3210.0,Parkland,WA,98446.0,53053071412.0,2480
Pierce,3210.0,Parkland,WA,98446.0,53053071413.0,2481
Pierce,3210.0,Puyallup,WA,98371.0,53053071100.0,2482
Pierce,3210.0,Puyallup,WA,98371.0,53053071205.0,2483
Pierce,3210.0,Puyallup,WA,98371.0,53053071206.0,2484
Pierce,3210.0,Puyallup,WA,98371.0,53053071207.0,2485
Pierce,3210.0,Puyallup,WA,98371.0,53053073404.0,2486
Pierce,3210.0,Puyallup,WA,98371.0,53053073405.0,2487
Pierce,3210.0,Puyallup,WA,98371.0,53053073407.0,2488
Pierce,3210.0,Puyallup,WA,98371.0,53053073408.0,2489
Pierce,3210.0,Puyallup,WA,98371.0,53053073501.0,2490
Pierce,3210.0,Puyallup,WA,98371.0,53053073502.0,2491
Pierce,3210.0,Puyallup,WA,98371.0,53053940004.0,2492
Pierce,3210.0,Puyallup,WA,98371.0,53053940009.0,2493
Pierce,3210.0,Puyallup,WA,98371.0,53053940010.0,2494
Pierce,3210.0,Puyallup,WA,98372.0,53053070401.0,2495
Pierce,3210.0,Puyallup,WA,98372.0,53053071207.0,2496
Pierce,3210.0,Puyallup,WA,98372.0,53053071210.0,2497
Pierce,3210.0,Puyallup,WA,98372.0,53053073404.0,2498
Pierce,3210.0,Puyallup,WA,98372.0,53053073405.0,2499
Pierce,3210.0,Puyallup,WA,98372.0,53053073406.0,2500
Pierce,3210.0,Puyallup,WA,98372.0,53053073407.0,2501
Pierce,3210.0,Puyallup,WA,98372.0,53053073501.0,2502
Pierce,3210.0,Puyallup,WA,98372.0,53053073502.0,2503
Pierce,3210.0,Puyallup,WA,98372.0,53053940010.0,2504
Pierce,3210.0,Puyallup,WA,98373.0,53053071206.0,2505
Pierce,3210.0,Puyallup,WA,98373.0,53053071207.0,2506
Pierce,3210.0,Puyallup,WA,98373.0,53053071212.0,2507
Pierce,3210.0,Puyallup,WA,98373.0,53053071304.0,2508
Pierce,3210.0,Puyallup,WA,98373.0,53053071306.0,2509
Pierce,3210.0,Puyallup,WA,98373.0,53053071307.0,2510
Pierce,3210.0,Puyallup,WA,98373.0,53053071310.0,2511
Pierce,3210.0,Puyallup,WA,98373.0,53053073120.0,2512
Pierce,3210.0,Puyallup,WA,98374.0,53053070401.0,2513
Pierce,3210.0,Puyallup,WA,98374.0,53053071207.0,2514
Pierce,3210.0,Puyallup,WA,98374.0,53053071209.0,2515
Pierce,3210.0,Puyallup,WA,98374.0,53053071210.0,2516
Pierce,3210.0,Puyallup,WA,98374.0,53053071211.0,2517
Pierce,3210.0,Puyallup,WA,98374.0,53053071212.0,2518
Pierce,3210.0,Puyallup,WA,98374.0,53053073110.0,2519
Pierce,3210.0,Puyallup,WA,98374.0,53053073111.0,2520
Pierce,3210.0,Puyallup,WA,98374.0,53053073122.0,2521
Pierce,3210.0,Puyallup,WA,98374.0,53053073123.0,2522
Pierce,3210.0,Puyallup,WA,98374.0,53053073129.0,2523
Pierce,3210.0,Puyallup,WA,98375.0,53053071304.0,2524
Pierce,3210.0,Puyallup,WA,98375.0,53053071309.0,2525
Pierce,3210.0,Puyallup,WA,98375.0,53053071310.0,2526
Pierce,3210.0,Puyallup,WA,98375.0,53053073120.0,2527
Pierce,3210.0,Puyallup,WA,98375.0,53053073121.0,2528
Pierce,3210.0,Puyallup,WA,98375.0,53053073126.0,2529
Pierce,3210.0,Puyallup,WA,98375.0,53053073127.0,2530
Pierce,3210.0,Puyallup,WA,98375.0,53053073128.0,2531
Pierce,3210.0,Puyallup,WA,98375.0,53053073131.0,2532
Pierce,3210.0,Puyallup,WA,98375.0,53053073132.0,2533
Pierce,3210.0,Roy,WA,98580.0,53053073001.0,2534
Pierce,3210.0,Roy,WA,98580.0,53053073005.0,2535
Pierce,3210.0,Roy,WA,98580.0,53053073006.0,2536
Pierce,3210.0,South Hill,WA,98373.0,53053071100.0,2537
Pierce,3210.0,South Hill,WA,98373.0,53053071206.0,2538
Pierce,3210.0,South Hill,WA,98373.0,53053071304.0,2539
Pierce,3210.0,South Hill,WA,98373.0,53053071306.0,2540
Pierce,3210.0,South Hill,WA,98373.0,53053071307.0,2541
Pierce,3210.0,South Hill,WA,98373.0,53053071310.0,2542
Pierce,3210.0,South Hill,WA,98373.0,53053073120.0,2543
Pierce,3210.0,South Hill,WA,98374.0,53053070401.0,2544
Pierce,3210.0,South Hill,WA,98374.0,53053071207.0,2545
Pierce,3210.0,South Hill,WA,98374.0,53053071210.0,2546
Pierce,3210.0,South Hill,WA,98374.0,53053071211.0,2547
Pierce,3210.0,South Hill,WA,98374.0,53053071212.0,2548
Pierce,3210.0,South Hill,WA,98374.0,53053073110.0,2549
Pierce,3210.0,South Hill,WA,98374.0,53053073111.0,2550
Pierce,3210.0,South Hill,WA,98374.0,53053073122.0,2551
Pierce,3210.0,South Hill,WA,98374.0,53053073123.0,2552
Pierce,3210.0,South Hill,WA,98374.0,53053073129.0,2553
Pierce,3210.0,South Hill,WA,98374.0,53053073130.0,2554
Pierce,3210.0,South Hill,WA,98375.0,53053071304.0,2555
Pierce,3210.0,South Hill,WA,98375.0,53053071309.0,2556
Pierce,3210.0,South Hill,WA,98375.0,53053071310.0,2557
Pierce,3210.0,South Hill,WA,98375.0,53053071413.0,2558
Pierce,3210.0,South Hill,WA,98375.0,53053073120.0,2559
Pierce,3210.0,South Hill,WA,98375.0,53053073121.0,2560
Pierce,3210.0,South Hill,WA,98375.0,53053073122.0,2561
Pierce,3210.0,South Hill,WA,98375.0,53053073126.0,2562
Pierce,3210.0,South Hill,WA,98375.0,53053073127.0,2563
Pierce,3210.0,South Hill,WA,98375.0,53053073128.0,2564
Pierce,3210.0,South Hill,WA,98375.0,53053073131.0,2565
Pierce,3210.0,South Hill,WA,98375.0,53053073132.0,2566
Pierce,3210.0,South Prairie,WA,98385.0,53053070204.0,2567
Pierce,3210.0,South Prairie,WA,98385.0,53053070206.0,2568
Pierce,3210.0,Spanaway,WA,98387.0,53053071403.0,2569
Pierce,3210.0,Spanaway,WA,98387.0,53053071408.0,2570
Pierce,3210.0,Spanaway,WA,98387.0,53053071409.0,2571
Pierce,3210.0,Spanaway,WA,98387.0,53053071411.0,2572
Pierce,3210.0,Spanaway,WA,98387.0,53053071413.0,2573
Pierce,3210.0,Spanaway,WA,98387.0,53053071414.0,2574
Pierce,3210.0,Spanaway,WA,98387.0,53053071415.0,2575
Pierce,3210.0,Spanaway,WA,98387.0,53053071416.0,2576
Pierce,3210.0,Spanaway,WA,98387.0,53053071417.0,2577
Pierce,3210.0,Spanaway,WA,98387.0,53053071503.0,2578
Pierce,3210.0,Spanaway,WA,98387.0,53053073005.0,2579
Pierce,3210.0,Spanaway,WA,98387.0,53053073114.0,2580
Pierce,3210.0,Spanaway,WA,98387.0,53053073115.0,2581
Pierce,3210.0,Spanaway,WA,98387.0,53053073117.0,2582
Pierce,3210.0,Spanaway,WA,98387.0,53053073128.0,2583
Pierce,3210.0,Spanaway,WA,98387.0,53053073132.0,2584
Pierce,3210.0,Spanaway,WA,98387.0,53053073133.0,2585
Pierce,3210.0,Sumner,WA,98390.0,53053070312.0,2586
Pierce,3210.0,Sumner,WA,98390.0,53053070401.0,2587
Pierce,3210.0,Sumner,WA,98390.0,53053073301.0,2588
Pierce,3210.0,Sumner,WA,98390.0,53053073302.0,2589
Pierce,3210.0,Sumner,WA,98390.0,53053940010.0,2590
Pierce,3210.0,Tacoma,WA,98402.0,53053060200.0,2591
Pierce,3210.0,Tacoma,WA,98402.0,53053060500.0,2592
Pierce,3210.0,Tacoma,WA,98402.0,53053061400.0,2593
Pierce,3210.0,Tacoma,WA,98402.0,53053061501.0,2594
Pierce,3210.0,Tacoma,WA,98402.0,53053061502.0,2595
Pierce,3210.0,Tacoma,WA,98402.0,53053061601.0,2596
Pierce,3210.0,Tacoma,WA,98402.0,53053061602.0,2597
Pierce,3210.0,Tacoma,WA,98403.0,53053060500.0,2598
Pierce,3210.0,Tacoma,WA,98403.0,53053060600.0,2599
Pierce,3210.0,Tacoma,WA,98403.0,53053061502.0,2600
Pierce,3210.0,Tacoma,WA,98404.0,53053061900.0,2601
Pierce,3210.0,Tacoma,WA,98404.0,53053062000.0,2602
Pierce,3210.0,Tacoma,WA,98404.0,53053062300.0,2603
Pierce,3210.0,Tacoma,WA,98404.0,53053062400.0,2604
Pierce,3210.0,Tacoma,WA,98404.0,53053063200.0,2605
Pierce,3210.0,Tacoma,WA,98404.0,53053063301.0,2606
Pierce,3210.0,Tacoma,WA,98404.0,53053063302.0,2607
Pierce,3210.0,Tacoma,WA,98404.0,53053063401.0,2608
Pierce,3210.0,Tacoma,WA,98404.0,53053071601.0,2609
Pierce,3210.0,Tacoma,WA,98404.0,53053940004.0,2610
Pierce,3210.0,Tacoma,WA,98404.0,53053940006.0,2611
Pierce,3210.0,Tacoma,WA,98404.0,53053940007.0,2612
Pierce,3210.0,Tacoma,WA,98405.0,53053061100.0,2613
Pierce,3210.0,Tacoma,WA,98405.0,53053061200.0,2614
Pierce,3210.0,Tacoma,WA,98405.0,53053061300.0,2615
Pierce,3210.0,Tacoma,WA,98405.0,53053061400.0,2616
Pierce,3210.0,Tacoma,WA,98405.0,53053061501.0,2617
Pierce,3210.0,Tacoma,WA,98405.0,53053061700.0,2618
Pierce,3210.0,Tacoma,WA,98406.0,53053060500.0,2619
Pierce,3210.0,Tacoma,WA,98406.0,53053060600.0,2620
Pierce,3210.0,Tacoma,WA,98406.0,53053060700.0,2621
Pierce,3210.0,Tacoma,WA,98406.0,53053060800.0,2622
Pierce,3210.0,Tacoma,WA,98406.0,53053060906.0,2623
Pierce,3210.0,Tacoma,WA,98406.0,53053060907.0,2624
Pierce,3210.0,Tacoma,WA,98406.0,53053060908.0,2625
Pierce,3210.0,Tacoma,WA,98406.0,53053061001.0,2626
Pierce,3210.0,Tacoma,WA,98406.0,53053061002.0,2627
Pierce,3210.0,Tacoma,WA,98406.0,53053061100.0,2628
Pierce,3210.0,Tacoma,WA,98406.0,53053061200.0,2629
Pierce,3210.0,Tacoma,WA,98408.0,53053062400.0,2630
Pierce,3210.0,Tacoma,WA,98408.0,53053062501.0,2631
Pierce,3210.0,Tacoma,WA,98408.0,53053062502.0,2632
Pierce,3210.0,Tacoma,WA,98408.0,53053063100.0,2633
Pierce,3210.0,Tacoma,WA,98408.0,53053063200.0,2634
Pierce,3210.0,Tacoma,WA,98408.0,53053063401.0,2635
Pierce,3210.0,Tacoma,WA,98408.0,53053063501.0,2636
Pierce,3210.0,Tacoma,WA,98409.0,53053061700.0,2637
Pierce,3210.0,Tacoma,WA,98409.0,53053062600.0,2638
Pierce,3210.0,Tacoma,WA,98409.0,53053062801.0,2639
Pierce,3210.0,Tacoma,WA,98409.0,53053062802.0,2640
Pierce,3210.0,Tacoma,WA,98409.0,53053062901.0,2641
Pierce,3210.0,Tacoma,WA,98409.0,53053062902.0,2642
Pierce,3210.0,Tacoma,WA,98409.0,53053063000.0,2643
Pierce,3210.0,Tacoma,WA,98409.0,53053071803.0,2644
Pierce,3210.0,Tacoma,WA,98409.0,53053072312.0,2645
Pierce,3210.0,Tacoma,WA,98411.0,53053062600.0,2646
Pierce,3210.0,Tacoma,WA,98416.0,53053060700.0,2647
Pierce,3210.0,Tacoma,WA,98417.0,53053060500.0,2648
Pierce,3210.0,Tacoma,WA,98418.0,53053061800.0,2649
Pierce,3210.0,Tacoma,WA,98418.0,53053061900.0,2650
Pierce,3210.0,Tacoma,WA,98418.0,53053062400.0,2651
Pierce,3210.0,Tacoma,WA,98418.0,53053062501.0,2652
Pierce,3210.0,Tacoma,WA,98421.0,53053060200.0,2653
Pierce,3210.0,Tacoma,WA,98421.0,53053940002.0,2654
Pierce,3210.0,Tacoma,WA,98422.0,53053060200.0,2655
Pierce,3210.0,Tacoma,WA,98422.0,53053940001.0,2656
Pierce,3210.0,Tacoma,WA,98422.0,53053940002.0,2657
Pierce,3210.0,Tacoma,WA,98422.0,53053940005.0,2658
Pierce,3210.0,Tacoma,WA,98422.0,53053940008.0,2659
Pierce,3210.0,Tacoma,WA,98422.0,53053940011.0,2660
Pierce,3210.0,Tacoma,WA,98431.0,53053072907.0,2661
Pierce,3210.0,Tacoma,WA,98433.0,53053072903.0,2662
Pierce,3210.0,Tacoma,WA,98433.0,53053072907.0,2663
Pierce,3210.0,Tacoma,WA,98433.0,53053072908.0,2664
Pierce,3210.0,Tacoma,WA,98443.0,53053940004.0,2665
Pierce,3210.0,Tacoma,WA,98444.0,53053063401.0,2666
Pierce,3210.0,Tacoma,WA,98444.0,53053063402.0,2667
Pierce,3210.0,Tacoma,WA,98444.0,53053063501.0,2668
Pierce,3210.0,Tacoma,WA,98444.0,53053063502.0,2669
Pierce,3210.0,Tacoma,WA,98444.0,53053071503.0,2670
Pierce,3210.0,Tacoma,WA,98444.0,53053071504.0,2671
Pierce,3210.0,Tacoma,WA,98444.0,53053071505.0,2672
Pierce,3210.0,Tacoma,WA,98444.0,53053071603.0,2673
Pierce,3210.0,Tacoma,WA,98444.0,53053071703.0,2674
Pierce,3210.0,Tacoma,WA,98444.0,53053071704.0,2675
Pierce,3210.0,Tacoma,WA,98444.0,53053071705.0,2676
Pierce,3210.0,Tacoma,WA,98444.0,53053071706.0,2677
Pierce,3210.0,Tacoma,WA,98444.0,53053071707.0,2678
Pierce,3210.0,Tacoma,WA,98445.0,53053063401.0,2679
Pierce,3210.0,Tacoma,WA,98445.0,53053063402.0,2680
Pierce,3210.0,Tacoma,WA,98445.0,53053071100.0,2681
Pierce,3210.0,Tacoma,WA,98445.0,53053071305.0,2682
Pierce,3210.0,Tacoma,WA,98445.0,53053071306.0,2683
Pierce,3210.0,Tacoma,WA,98445.0,53053071408.0,2684
Pierce,3210.0,Tacoma,WA,98445.0,53053071412.0,2685
Pierce,3210.0,Tacoma,WA,98445.0,53053071505.0,2686
Pierce,3210.0,Tacoma,WA,98445.0,53053071506.0,2687
Pierce,3210.0,Tacoma,WA,98445.0,53053071601.0,2688
Pierce,3210.0,Tacoma,WA,98445.0,53053071603.0,2689
Pierce,3210.0,Tacoma,WA,98445.0,53053071604.0,2690
Pierce,3210.0,Tacoma,WA,98445.0,53053940004.0,2691
Pierce,3210.0,Tacoma,WA,98446.0,53053071100.0,2692
Pierce,3210.0,Tacoma,WA,98446.0,53053071305.0,2693
Pierce,3210.0,Tacoma,WA,98446.0,53053071306.0,2694
Pierce,3210.0,Tacoma,WA,98446.0,53053071412.0,2695
Pierce,3210.0,Tacoma,WA,98465.0,53053061001.0,2696
Pierce,3210.0,Tacoma,WA,98465.0,53053061002.0,2697
Pierce,3210.0,Tacoma,WA,98465.0,53053061100.0,2698
Pierce,3210.0,Tacoma,WA,98466.0,53053072305.0,2699
Pierce,3210.0,Tacoma,WA,98466.0,53053072307.0,2700
Pierce,3210.0,Tacoma,WA,98466.0,53053072309.0,2701
Pierce,3210.0,Tacoma,WA,98466.0,53053072310.0,2702
Pierce,3210.0,Tacoma,WA,98466.0,53053072311.0,2703
Pierce,3210.0,Tacoma,WA,98466.0,53053072313.0,2704
Pierce,3210.0,Tacoma,WA,98493.0,53053072903.0,2705
Pierce,3210.0,University Place,WA,98466.0,53053061001.0,2706
Pierce,3210.0,University Place,WA,98466.0,53053061002.0,2707
Pierce,3210.0,University Place,WA,98466.0,53053072307.0,2708
Pierce,3210.0,University Place,WA,98466.0,53053072309.0,2709
Pierce,3210.0,University Place,WA,98466.0,53053072310.0,2710
Pierce,3210.0,University Place,WA,98466.0,53053072311.0,2711
Pierce,3210.0,University Place,WA,98466.0,53053072313.0,2712
Pierce,3210.0,University Place,WA,98466.0,53053072315.0,2713
Pierce,3210.0,University Place,WA,98467.0,53053071803.0,2714
Pierce,3210.0,University Place,WA,98467.0,53053072307.0,2715
Pierce,3210.0,University Place,WA,98467.0,53053072312.0,2716
Pierce,3210.0,University Place,WA,98467.0,53053072313.0,2717
Pierce,3210.0,University Place,WA,98467.0,53053072314.0,2718
Pierce,3210.0,University Place,WA,98467.0,53053072315.0,2719
Pierce,3210.0,Vaughn,WA,98394.0,53053072601.0,2720
Pierce,3210.0,Vaughn,WA,98394.0,53053072602.0,2721
Pierce,3210.0,Wilkeson,WA,98396.0,53053070100.0,2722
Pierce,3210.0,Wilkeson,WA,98396.0,53053070206.0,2723
Pierce,,Kapowsin,WA,98344.0,53053073119.0,2724
Pierce,,Ruston,WA,98407.0,53053060300.0,2725
Pierce,,Steilacoom,WA,98388.0,53053072109.0,2726
Pierce,,Steilacoom,WA,98388.0,53053072111.0,2727
Pierce,,Steilacoom,WA,98388.0,53053072112.0,2728
Pierce,,Tacoma,WA,98407.0,53053060300.0,2729
Pierce,,Tacoma,WA,98407.0,53053060400.0,2730
Pierce,,Tacoma,WA,98407.0,53053060500.0,2731
Pierce,,Tacoma,WA,98407.0,53053060800.0,2732
Pierce,,Tacoma,WA,98407.0,53053060903.0,2733
Pierce,,Tacoma,WA,98407.0,53053060904.0,2734
Pierce,,Tacoma,WA,98407.0,53053060908.0,2735
Pima,942.0,Tucson,AZ,85750.0,4019004729.0,2736
Pinal,943.0,Apache Junction,AZ,85119.0,4021000323.0,2737
Pinal,943.0,Maricopa,AZ,85138.0,4021001712.0,2738
Placer,1175.0,Roseville,CA,95661.0,6061020717.0,2739
Placer,1175.0,Roseville,CA,95747.0,6061021038.0,2740
Placer,1175.0,Roseville,CA,95747.0,6061021044.0,2741
Platte,2170.0,Kansas City,MO,64152.0,29165030306.0,2742
Polk,723.0,Salem,OR,97304.0,41053005301.0,2743
Portsmouth,936.0,Portsmouth,VA,23707.0,51740210200.0,2744
Portsmouth,936.0,Portsmouth,VA,23707.0,51740210300.0,2745
Portsmouth,936.0,Portsmouth,VA,23707.0,51740210400.0,2746
Pottawatomie,1288.0,Manhattan,KS,66502.0,20149000102.0,2747
Prince George,2849.0,Fort Lee,VA,23801.0,51149850200.0,2748
Prince George,2849.0,Prince George,VA,23875.0,51149850301.0,2749
Prince George's,1815.0,Bowie,MD,20715.0,24033800402.0,2750
Prince George's,1815.0,Fort Washington,MD,20744.0,24033801410.0,2751
Prince George's,1815.0,Upper Marlboro,MD,20772.0,24033800701.0,2752
Prince George's,1815.0,Upper Marlboro,MD,20774.0,24033800521.0,2753
Prince George's,1815.0,Upper Marlboro,MD,20774.0,24033802201.0,2754
Prince George's,1815.0,Upper Marlboro,MD,20774.0,24033803514.0,2755
Prince William,2850.0,Dumfries,VA,22026.0,51153900804.0,2756
Prince William,2850.0,Haymarket,VA,20169.0,51153901509.0,2757
Prince William,2850.0,Manassas,VA,20112.0,51153901306.0,2758
Prince William,2850.0,Woodbridge,VA,22193.0,51153901211.0,2759
Providence,2660.0,Providence,RI,2909.0,44007001000.0,2760
Pulaski,2171.0,Fort Leonard Wood,MO,65473.0,29169470390.0,2761
Pulaski,2171.0,Waynesville,MO,65583.0,29169470402.0,2762
Richland,2581.0,Columbia,SC,29206.0,45079011502.0,2763
Richmond,1523.0,Augusta,GA,30909.0,13245010207.0,2764
Richmond,1523.0,Augusta,GA,30909.0,13245010514.0,2765
Riverside,1177.0,Blythe,CA,92225.0,6065046103.0,2766
Riverside,1177.0,Cathedral City,CA,92234.0,6065941001.0,2767
Riverside,1177.0,Menifee,CA,92585.0,6065042726.0,2768
Riverside,1177.0,Menifee,CA,92585.0,6065042730.0,2769
Riverside,1177.0,Moreno Valley,CA,92557.0,6065042409.0,2770
Riverside,1177.0,Murrieta,CA,92562.0,6065043278.0,2771
Riverside,1177.0,Murrieta,CA,92563.0,6065043211.0,2772
Riverside,1177.0,Palm Springs,CA,92262.0,6065941400.0,2773
Riverside,1177.0,Riverside,CA,92503.0,6065041412.0,2774
Riverside,1177.0,Riverside,CA,92503.0,6065042008.0,2775
Riverside,1177.0,Riverside,CA,92505.0,6065040901.0,2776
Riverside,1177.0,Temecula,CA,92591.0,6065043297.0,2777
Riverside,1177.0,Wildomar,CA,92595.0,6065043271.0,2778
Riverside,1177.0,Winchester,CA,92596.0,6065042737.0,2779
Riverside,1177.0,Winchester,CA,92596.0,6065043204.0,2780
Rockingham,932.0,Rockingham,VA,22801.0,51165011802.0,2781
Rockingham,2443.0,Epping,NH,3042.0,33015059000.0,2782
Rockingham,2443.0,Portsmouth,NH,3804.0,33015069200.0,2783
Sacramento,77.0,Elk Grove,CA,95757.0,6067009635.0,2784
Sacramento,77.0,Sacramento,CA,95833.0,6067007011.0,2785
Sacramento,77.0,Sacramento,CA,95865.0,6067005601.0,2786
Saginaw,1312.0,Saginaw,MI,48603.0,26145010304.0,2787
Salt Lake,3176.0,Salt Lake City,UT,84118.0,49035113526.0,2788
San Bernardino,78.0,Barstow,CA,92311.0,6071009502.0,2789
San Bernardino,78.0,Fort Irwin,CA,92310.0,6071025000.0,2790
San Bernardino,78.0,Helendale,CA,92342.0,6071011601.0,2791
San Bernardino,78.0,Rancho Cucamonga,CA,91739.0,6071002207.0,2792
San Diego,1179.0,Chula Vista,CA,91913.0,6073013317.0,2793
San Diego,1179.0,Chula Vista,CA,91913.0,6073013318.0,2794
San Diego,1179.0,Coronado,CA,92118.0,6073010601.0,2795
San Diego,1179.0,Coronado,CA,92178.0,6073021800.0,2796
San Diego,1179.0,El Cajon,CA,92020.0,6073015801.0,2797
San Diego,1179.0,Escondido,CA,92027.0,6073020110.0,2798
San Diego,1179.0,Fallbrook,CA,92028.0,6073018619.0,2799
San Diego,1179.0,La Mesa,CA,91942.0,6073015001.0,2800
San Diego,1179.0,Lakeside,CA,92040.0,6073016901.0,2801
San Diego,1179.0,Oceanside,CA,92056.0,6073018515.0,2802
San Diego,1179.0,Oceanside,CA,92057.0,6073019303.0,2803
San Diego,1179.0,Oceanside,CA,92058.0,6073018700.0,2804
San Diego,1179.0,Ramona,CA,92065.0,6073020811.0,2805
San Diego,1179.0,San Diego,CA,92102.0,6073004400.0,2806
San Diego,1179.0,San Diego,CA,92103.0,6073000301.0,2807
San Diego,1179.0,San Diego,CA,92105.0,6073002502.0,2808
San Diego,1179.0,San Diego,CA,92106.0,6073006802.0,2809
San Diego,1179.0,San Diego,CA,92106.0,6073007100.0,2810
San Diego,1179.0,San Diego,CA,92107.0,6073007002.0,2811
San Diego,1179.0,San Diego,CA,92109.0,6073007601.0,2812
San Diego,1179.0,San Diego,CA,92109.0,6073007602.0,2813
San Diego,1179.0,San Diego,CA,92109.0,6073007800.0,2814
San Diego,1179.0,San Diego,CA,92110.0,6073006600.0,2815
San Diego,1179.0,San Diego,CA,92124.0,6073009510.0,2816
San Diego,1179.0,San Diego,CA,92126.0,6073008380.0,2817
San Diego,1179.0,San Diego,CA,92127.0,6073017065.0,2818
San Diego,1179.0,San Diego,CA,92154.0,6073010003.0,2819
San Diego,1179.0,San Diego,CA,92154.0,6073010017.0,2820
San Diego,,La Jolla,CA,92037.0,6073008362.0,2821
San Francisco,1180.0,San Francisco,CA,94131.0,6075030102.0,2822
San Francisco,1180.0,San Francisco,CA,94132.0,6075033204.0,2823
San Francisco,1180.0,San Francisco,CA,94159.0,6075015701.0,2824
San Joaquin,1181.0,Tracy,CA,95391.0,6077005221.0,2825
San Juan,3211.0,Deer Harbor,WA,98243.0,53055960103.0,2826
San Juan,3211.0,Eastsound,WA,98245.0,53055960101.0,2827
San Juan,3211.0,Eastsound,WA,98245.0,53055960102.0,2828
San Juan,3211.0,Eastsound,WA,98245.0,53055960103.0,2829
San Juan,3211.0,Friday Harbor,WA,98250.0,53055960301.0,2830
San Juan,3211.0,Friday Harbor,WA,98250.0,53055960302.0,2831
San Juan,3211.0,Friday Harbor,WA,98250.0,53055960400.0,2832
San Juan,3211.0,Lopez Is,WA,98261.0,53055960501.0,2833
San Juan,3211.0,Lopez Is,WA,98261.0,53055960502.0,2834
San Juan,3211.0,Lopez Island,WA,98261.0,53055960501.0,2835
San Juan,3211.0,Lopez Island,WA,98261.0,53055960502.0,2836
San Juan,3211.0,Olga,WA,98279.0,53055960101.0,2837
San Juan,3211.0,Orcas,WA,98280.0,53055960102.0,2838
San Juan,3211.0,Orcas Is,WA,98243.0,53055960103.0,2839
San Juan,3211.0,Orcas Is,WA,98245.0,53055960101.0,2840
San Juan,3211.0,Orcas Is,WA,98245.0,53055960102.0,2841
San Juan,3211.0,Orcas Is,WA,98245.0,53055960103.0,2842
San Juan,3211.0,Orcas Is,WA,98279.0,53055960101.0,2843
San Juan,3211.0,San Juan Is,WA,98250.0,53055960301.0,2844
San Juan,3211.0,San Juan Is,WA,98250.0,53055960302.0,2845
San Juan,3211.0,Shaw Island,WA,98286.0,53055960502.0,2846
San Juan,3212.0,Anacortes,WA,98221.0,53055960502.0,2847
San Juan,3212.0,Decatur Is,WA,98221.0,53055960502.0,2848
San Juan,,Waldron,WA,98297.0,53055960103.0,2849
San Luis Obispo,1332.0,Arroyo Grande,CA,93420.0,6079011800.0,2850
San Luis Obispo,1332.0,Arroyo Grande,CA,93420.0,6079012306.0,2851
San Mateo,1333.0,Pacifica,CA,94044.0,6081603300.0,2852
San Mateo,1333.0,Pacifica,CA,94044.0,6081603400.0,2853
San Mateo,1333.0,Redwood City,CA,94063.0,6081610202.0,2854
San Mateo,1333.0,San Bruno,CA,94066.0,6081604103.0,2855
Santa Clara,1334.0,Campbell,CA,95008.0,6085506606.0,2856
Santa Clara,1334.0,Cupertino,CA,95014.0,6085507805.0,2857
Santa Clara,1334.0,Mountain View,CA,94040.0,6085509404.0,2858
Santa Clara,1334.0,Mountain View,CA,94041.0,6085509600.0,2859
Santa Clara,1334.0,Mountain View,CA,94043.0,6085509109.0,2860
Santa Clara,1334.0,Palo Alto,CA,94303.0,6085510801.0,2861
Santa Clara,1334.0,San Jose,CA,95112.0,6085505100.0,2862
Santa Clara,1334.0,San Jose,CA,95117.0,6085506302.0,2863
Santa Clara,1334.0,San Jose,CA,95124.0,6085502800.0,2864
Santa Clara,1334.0,San Jose,CA,95129.0,6085507903.0,2865
Santa Clara,1334.0,San Jose,CA,95131.0,6085504317.0,2866
Santa Clara,1334.0,San Jose,CA,95133.0,6085503708.0,2867
Santa Clara,1334.0,San Jose,CA,95134.0,6085505013.0,2868
Santa Clara,1334.0,San Jose,CA,95138.0,6085512001.0,2869
Santa Clara,1334.0,Santa Clara,CA,95051.0,6085505403.0,2870
Santa Clara,1334.0,Saratoga,CA,95070.0,6085507402.0,2871
Santa Clara,1334.0,Sunnyvale,CA,94087.0,6085508505.0,2872
Santa Clara,1334.0,Sunnyvale,CA,94089.0,6085504805.0,2873
Santa Cruz,9.0,Rio Rico,AZ,85648.0,4023966109.0,2874
Sarasota,1086.0,Sarasota,FL,34242.0,12115001903.0,2875
Saratoga,2141.0,Greenfield Center,NY,12833.0,36091060601.0,2876
Saratoga,2141.0,Saratoga Springs,NY,12866.0,36091061102.0,2877
Sarpy,2347.0,Bellevue,NE,68123.0,31153010206.0,2878
Sarpy,2347.0,Bellevue,NE,68123.0,31153010208.0,2879
Shelby,1636.0,Alabaster,AL,35007.0,1117030612.0,2880
Shelby,1636.0,Calera,AL,35040.0,1117030613.0,2881
Shelby,2111.0,Arlington,TN,38002.0,47157020836.0,2882
Shelby,2111.0,Memphis,TN,38105.0,47157002400.0,2883
Shelby,2111.0,Memphis,TN,38119.0,47157009501.0,2884
Shiawassee,365.0,Perry,MI,48872.0,26155031502.0,2885
Skagit,2744.0,Bellingham,WA,98229.0,53057950802.0,2886
Skagit,2744.0,Bellingham,WA,98229.0,53057950803.0,2887
Skagit,3212.0,Anacortes,WA,98221.0,53057940201.0,2888
Skagit,3212.0,Anacortes,WA,98221.0,53057940301.0,2889
Skagit,3212.0,Anacortes,WA,98221.0,53057940302.0,2890
Skagit,3212.0,Anacortes,WA,98221.0,53057940401.0,2891
Skagit,3212.0,Anacortes,WA,98221.0,53057940402.0,2892
Skagit,3212.0,Anacortes,WA,98221.0,53057940403.0,2893
Skagit,3212.0,Anacortes,WA,98221.0,53057940500.0,2894
Skagit,3212.0,Anacortes,WA,98221.0,53057940600.0,2895
Skagit,3212.0,Anacortes,WA,98221.0,53057940700.0,2896
Skagit,3212.0,Anacortes,WA,98221.0,53057950100.0,2897
Skagit,3212.0,Bow,WA,98232.0,53057950801.0,2898
Skagit,3212.0,Bow,WA,98232.0,53057950802.0,2899
Skagit,3212.0,Bow,WA,98232.0,53057950803.0,2900
Skagit,3212.0,Bow,WA,98232.0,53057951900.0,2901
Skagit,3212.0,Burlington,WA,98233.0,53057950801.0,2902
Skagit,3212.0,Burlington,WA,98233.0,53057950802.0,2903
Skagit,3212.0,Burlington,WA,98233.0,53057950803.0,2904
Skagit,3212.0,Burlington,WA,98233.0,53057951600.0,2905
Skagit,3212.0,Burlington,WA,98233.0,53057951700.0,2906
Skagit,3212.0,Burlington,WA,98233.0,53057951800.0,2907
Skagit,3212.0,Burlington,WA,98233.0,53057951900.0,2908
Skagit,3212.0,Clearlake,WA,98235.0,53057951300.0,2909
Skagit,3212.0,Concrete,WA,98237.0,53057951000.0,2910
Skagit,3212.0,Concrete,WA,98237.0,53057951101.0,2911
Skagit,3212.0,Concrete,WA,98237.0,53057951102.0,2912
Skagit,3212.0,Hamilton,WA,98255.0,53057951000.0,2913
Skagit,3212.0,La Conner,WA,98257.0,53057940801.0,2914
Skagit,3212.0,La Conner,WA,98257.0,53057940802.0,2915
Skagit,3212.0,La Conner,WA,98257.0,53057952100.0,2916
Skagit,3212.0,Lyman,WA,98263.0,53057951000.0,2917
Skagit,3212.0,Marblemount,WA,98267.0,53057951102.0,2918
Skagit,3212.0,Mount Vernon,WA,98273.0,53057951200.0,2919
Skagit,3212.0,Mount Vernon,WA,98273.0,53057951300.0,2920
Skagit,3212.0,Mount Vernon,WA,98273.0,53057951800.0,2921
Skagit,3212.0,Mount Vernon,WA,98273.0,53057951900.0,2922
Skagit,3212.0,Mount Vernon,WA,98273.0,53057952100.0,2923
Skagit,3212.0,Mount Vernon,WA,98273.0,53057952200.0,2924
Skagit,3212.0,Mount Vernon,WA,98273.0,53057952301.0,2925
Skagit,3212.0,Mount Vernon,WA,98273.0,53057952303.0,2926
Skagit,3212.0,Mount Vernon,WA,98273.0,53057952304.0,2927
Skagit,3212.0,Mount Vernon,WA,98273.0,53057952401.0,2928
Skagit,3212.0,Mount Vernon,WA,98273.0,53057952500.0,2929
Skagit,3212.0,Mount Vernon,WA,98273.0,53057952600.0,2930
Skagit,3212.0,Mount Vernon,WA,98273.0,53057952700.0,2931
Skagit,3212.0,Mount Vernon,WA,98274.0,53057951200.0,2932
Skagit,3212.0,Mount Vernon,WA,98274.0,53057952303.0,2933
Skagit,3212.0,Mount Vernon,WA,98274.0,53057952401.0,2934
Skagit,3212.0,Mount Vernon,WA,98274.0,53057952403.0,2935
Skagit,3212.0,Mount Vernon,WA,98274.0,53057952404.0,2936
Skagit,3212.0,Mount Vernon,WA,98274.0,53057952405.0,2937
Skagit,3212.0,Mount Vernon,WA,98274.0,53057952500.0,2938
Skagit,3212.0,Mount Vernon,WA,98274.0,53057952600.0,2939
Skagit,3212.0,Mount Vernon,WA,98274.0,53057952700.0,2940
Skagit,3212.0,Rockport,WA,98283.0,53057951102.0,2941
Skagit,3212.0,Sedro Woolley,WA,98284.0,53057951400.0,2942
Skagit,3212.0,Sedro Woolley,WA,98284.0,53057951501.0,2943
Skagit,3212.0,Sedro Woolley,WA,98284.0,53057951502.0,2944
Skagit,3212.0,Sedro Woolley,WA,98284.0,53057951503.0,2945
Skagit,3212.0,Sedro-Woolley,WA,98284.0,53057950802.0,2946
Skagit,3212.0,Sedro-Woolley,WA,98284.0,53057950803.0,2947
Skagit,3212.0,Sedro-Woolley,WA,98284.0,53057950900.0,2948
Skagit,3212.0,Sedro-Woolley,WA,98284.0,53057951000.0,2949
Skagit,3212.0,Sedro-Woolley,WA,98284.0,53057951200.0,2950
Skagit,3212.0,Sedro-Woolley,WA,98284.0,53057951300.0,2951
Skagit,3212.0,Sedro-Woolley,WA,98284.0,53057951400.0,2952
Skagit,3212.0,Sedro-Woolley,WA,98284.0,53057951501.0,2953
Skagit,3212.0,Sedro-Woolley,WA,98284.0,53057951502.0,2954
Skagit,3212.0,Sedro-Woolley,WA,98284.0,53057951503.0,2955
Skagit,3212.0,Sedro-Woolley,WA,98284.0,53057951600.0,2956
Skagit,3213.0,Darrington,WA,98241.0,53057951102.0,2957
Skagit,3213.0,Stanwood,WA,98292.0,53057952700.0,2958
Skamania,850.0,Carson,WA,98610.0,53059950400.0,2959
Skamania,850.0,Carson,WA,98610.0,53059950500.0,2960
Skamania,850.0,North Bonneville,WA,98639.0,53059950200.0,2961
Skamania,850.0,Stevenson,WA,98648.0,53059950200.0,2962
Skamania,850.0,Stevenson,WA,98648.0,53059950300.0,2963
Skamania,850.0,Stevenson,WA,98648.0,53059950400.0,2964
Skamania,2977.0,Washougal,WA,98671.0,53059950200.0,2965
Skamania,3195.0,Bingen,WA,98605.0,53059950400.0,2966
Skamania,3195.0,Underwood,WA,98651.0,53059950400.0,2967
Skamania,3195.0,White Salmon,WA,98672.0,53059950400.0,2968
Snohomish,3009.0,Bothell,WA,98011.0,53061051918.0,2969
Snohomish,3009.0,Bothell,WA,98011.0,53061051938.0,2970
Snohomish,3009.0,Bothell,WA,98072.0,53061051938.0,2971
Snohomish,3009.0,Shoreline,WA,98177.0,53061050600.0,2972
Snohomish,3009.0,Snohomish,WA,98077.0,53061051912.0,2973
Snohomish,3009.0,Woodinville,WA,98072.0,53061051912.0,2974
Snohomish,3009.0,Woodinville,WA,98072.0,53061051926.0,2975
Snohomish,3009.0,Woodinville,WA,98072.0,53061051938.0,2976
Snohomish,3009.0,Woodinville,WA,98072.0,53061052107.0,2977
Snohomish,3009.0,Woodinville,WA,98077.0,53061051912.0,2978
Snohomish,3009.0,Woodinville,WA,98077.0,53061052112.0,2979
Snohomish,3009.0,Woodinville,WA,98077.0,53061052113.0,2980
Snohomish,3213.0,Arlington,WA,98223.0,53061052701.0,2981
Snohomish,3213.0,Arlington,WA,98223.0,53061052709.0,2982
Snohomish,3213.0,Arlington,WA,98223.0,53061052711.0,2983
Snohomish,3213.0,Arlington,WA,98223.0,53061052803.0,2984
Snohomish,3213.0,Arlington,WA,98223.0,53061053101.0,2985
Snohomish,3213.0,Arlington,WA,98223.0,53061053102.0,2986
Snohomish,3213.0,Arlington,WA,98223.0,53061053302.0,2987
Snohomish,3213.0,Arlington,WA,98223.0,53061053400.0,2988
Snohomish,3213.0,Arlington,WA,98223.0,53061053505.0,2989
Snohomish,3213.0,Arlington,WA,98223.0,53061053506.0,2990
Snohomish,3213.0,Arlington,WA,98223.0,53061053507.0,2991
Snohomish,3213.0,Arlington,WA,98223.0,53061053508.0,2992
Snohomish,3213.0,Arlington,WA,98223.0,53061053509.0,2993
Snohomish,3213.0,Arlington,WA,98223.0,53061053510.0,2994
Snohomish,3213.0,Arlington,WA,98223.0,53061053511.0,2995
Snohomish,3213.0,Arlington,WA,98223.0,53061053700.0,2996
Snohomish,3213.0,Bothell,WA,98012.0,53061041703.0,2997
Snohomish,3213.0,Bothell,WA,98012.0,53061041704.0,2998
Snohomish,3213.0,Bothell,WA,98012.0,53061051921.0,2999
Snohomish,3213.0,Bothell,WA,98012.0,53061051922.0,3000
Snohomish,3213.0,Bothell,WA,98012.0,53061051926.0,3001
Snohomish,3213.0,Bothell,WA,98012.0,53061051927.0,3002
Snohomish,3213.0,Bothell,WA,98012.0,53061051928.0,3003
Snohomish,3213.0,Bothell,WA,98012.0,53061051933.0,3004
Snohomish,3213.0,Bothell,WA,98012.0,53061051934.0,3005
Snohomish,3213.0,Bothell,WA,98012.0,53061051935.0,3006
Snohomish,3213.0,Bothell,WA,98012.0,53061051936.0,3007
Snohomish,3213.0,Bothell,WA,98012.0,53061051937.0,3008
Snohomish,3213.0,Bothell,WA,98012.0,53061052005.0,3009
Snohomish,3213.0,Bothell,WA,98012.0,53061052006.0,3010
Snohomish,3213.0,Bothell,WA,98012.0,53061052007.0,3011
Snohomish,3213.0,Bothell,WA,98012.0,53061052008.0,3012
Snohomish,3213.0,Bothell,WA,98012.0,53061052009.0,3013
Snohomish,3213.0,Bothell,WA,98012.0,53061052010.0,3014
Snohomish,3213.0,Bothell,WA,98012.0,53061052107.0,3015
Snohomish,3213.0,Bothell,WA,98012.0,53061052114.0,3016
Snohomish,3213.0,Bothell,WA,98012.0,53061052122.0,3017
Snohomish,3213.0,Bothell,WA,98021.0,53061051913.0,3018
Snohomish,3213.0,Bothell,WA,98021.0,53061051914.0,3019
Snohomish,3213.0,Bothell,WA,98021.0,53061051916.0,3020
Snohomish,3213.0,Bothell,WA,98021.0,53061051917.0,3021
Snohomish,3213.0,Bothell,WA,98021.0,53061051918.0,3022
Snohomish,3213.0,Bothell,WA,98021.0,53061051922.0,3023
Snohomish,3213.0,Bothell,WA,98021.0,53061051926.0,3024
Snohomish,3213.0,Bothell,WA,98021.0,53061051931.0,3025
Snohomish,3213.0,Bothell,WA,98021.0,53061051932.0,3026
Snohomish,3213.0,Bothell,WA,98021.0,53061051936.0,3027
Snohomish,3213.0,Bothell,WA,98021.0,53061051937.0,3028
Snohomish,3213.0,Bothell,WA,98021.0,53061051938.0,3029
Snohomish,3213.0,Bothell,WA,98036.0,53061051913.0,3030
Snohomish,3213.0,Bothell,WA,98036.0,53061051914.0,3031
Snohomish,3213.0,Brier,WA,98036.0,53061051913.0,3032
Snohomish,3213.0,Brier,WA,98036.0,53061051914.0,3033
Snohomish,3213.0,Brier,WA,98036.0,53061051929.0,3034
Snohomish,3213.0,Darrington,WA,98241.0,53061053700.0,3035
Snohomish,3213.0,Edmonds,WA,98020.0,53061050200.0,3036
Snohomish,3213.0,Edmonds,WA,98020.0,53061050300.0,3037
Snohomish,3213.0,Edmonds,WA,98020.0,53061050402.0,3038
Snohomish,3213.0,Edmonds,WA,98020.0,53061050403.0,3039
Snohomish,3213.0,Edmonds,WA,98020.0,53061050501.0,3040
Snohomish,3213.0,Edmonds,WA,98020.0,53061050502.0,3041
Snohomish,3213.0,Edmonds,WA,98020.0,53061050600.0,3042
Snohomish,3213.0,Edmonds,WA,98020.0,53061050700.0,3043
Snohomish,3213.0,Edmonds,WA,98020.0,53061050800.0,3044
Snohomish,3213.0,Edmonds,WA,98026.0,53061042003.0,3045
Snohomish,3213.0,Edmonds,WA,98026.0,53061042004.0,3046
Snohomish,3213.0,Edmonds,WA,98026.0,53061042005.0,3047
Snohomish,3213.0,Edmonds,WA,98026.0,53061050101.0,3048
Snohomish,3213.0,Edmonds,WA,98026.0,53061050102.0,3049
Snohomish,3213.0,Edmonds,WA,98026.0,53061050200.0,3050
Snohomish,3213.0,Edmonds,WA,98026.0,53061050300.0,3051
Snohomish,3213.0,Edmonds,WA,98026.0,53061050402.0,3052
Snohomish,3213.0,Edmonds,WA,98026.0,53061050403.0,3053
Snohomish,3213.0,Edmonds,WA,98026.0,53061050404.0,3054
Snohomish,3213.0,Edmonds,WA,98026.0,53061050700.0,3055
Snohomish,3213.0,Edmonds,WA,98026.0,53061050800.0,3056
Snohomish,3213.0,Edmonds,WA,98026.0,53061050900.0,3057
Snohomish,3213.0,Edmonds,WA,98026.0,53061051500.0,3058
Snohomish,3213.0,Edmonds,WA,98026.0,53061051601.0,3059
Snohomish,3213.0,Edmonds,WA,98036.0,53061050403.0,3060
Snohomish,3213.0,Everett,WA,98012.0,53061041606.0,3061
Snohomish,3213.0,Everett,WA,98201.0,53061040100.0,3062
Snohomish,3213.0,Everett,WA,98201.0,53061040200.0,3063
Snohomish,3213.0,Everett,WA,98201.0,53061040300.0,3064
Snohomish,3213.0,Everett,WA,98201.0,53061040400.0,3065
Snohomish,3213.0,Everett,WA,98201.0,53061040500.0,3066
Snohomish,3213.0,Everett,WA,98201.0,53061040700.0,3067
Snohomish,3213.0,Everett,WA,98201.0,53061040800.0,3068
Snohomish,3213.0,Everett,WA,98201.0,53061040900.0,3069
Snohomish,3213.0,Everett,WA,98201.0,53061041000.0,3070
Snohomish,3213.0,Everett,WA,98201.0,53061041500.0,3071
Snohomish,3213.0,Everett,WA,98201.0,53061052104.0,3072
Snohomish,3213.0,Everett,WA,98203.0,53061040900.0,3073
Snohomish,3213.0,Everett,WA,98203.0,53061041000.0,3074
Snohomish,3213.0,Everett,WA,98203.0,53061041100.0,3075
Snohomish,3213.0,Everett,WA,98203.0,53061041201.0,3076
Snohomish,3213.0,Everett,WA,98203.0,53061041202.0,3077
Snohomish,3213.0,Everett,WA,98203.0,53061041303.0,3078
Snohomish,3213.0,Everett,WA,98203.0,53061041304.0,3079
Snohomish,3213.0,Everett,WA,98203.0,53061041400.0,3080
Snohomish,3213.0,Everett,WA,98203.0,53061041500.0,3081
Snohomish,3213.0,Everett,WA,98203.0,53061041601.0,3082
Snohomish,3213.0,Everett,WA,98204.0,53061041805.0,3083
Snohomish,3213.0,Everett,WA,98204.0,53061041808.0,3084
Snohomish,3213.0,Everett,WA,98204.0,53061041809.0,3085
Snohomish,3213.0,Everett,WA,98204.0,53061041810.0,3086
Snohomish,3213.0,Everett,WA,98204.0,53061041812.0,3087
Snohomish,3213.0,Everett,WA,98204.0,53061041813.0,3088
Snohomish,3213.0,Everett,WA,98204.0,53061041815.0,3089
Snohomish,3213.0,Everett,WA,98204.0,53061041901.0,3090
Snohomish,3213.0,Everett,WA,98204.0,53061041904.0,3091
Snohomish,3213.0,Everett,WA,98204.0,53061041905.0,3092
Snohomish,3213.0,Everett,WA,98204.0,53061041906.0,3093
Snohomish,3213.0,Everett,WA,98204.0,53061041907.0,3094
Snohomish,3213.0,Everett,WA,98208.0,53061041500.0,3095
Snohomish,3213.0,Everett,WA,98208.0,53061041601.0,3096
Snohomish,3213.0,Everett,WA,98208.0,53061041605.0,3097
Snohomish,3213.0,Everett,WA,98208.0,53061041606.0,3098
Snohomish,3213.0,Everett,WA,98208.0,53061041607.0,3099
Snohomish,3213.0,Everett,WA,98208.0,53061041609.0,3100
Snohomish,3213.0,Everett,WA,98208.0,53061041610.0,3101
Snohomish,3213.0,Everett,WA,98208.0,53061041701.0,3102
Snohomish,3213.0,Everett,WA,98208.0,53061041703.0,3103
Snohomish,3213.0,Everett,WA,98208.0,53061041704.0,3104
Snohomish,3213.0,Everett,WA,98208.0,53061041805.0,3105
Snohomish,3213.0,Everett,WA,98208.0,53061041808.0,3106
Snohomish,3213.0,Everett,WA,98208.0,53061041813.0,3107
Snohomish,3213.0,Everett,WA,98208.0,53061041814.0,3108
Snohomish,3213.0,Everett,WA,98208.0,53061052010.0,3109
Snohomish,3213.0,Everett,WA,98208.0,53061052105.0,3110
Snohomish,3213.0,Everett,WA,98208.0,53061052114.0,3111
Snohomish,3213.0,Everett,WA,98208.0,53061052119.0,3112
Snohomish,3213.0,Everett,WA,98208.0,53061052120.0,3113
Snohomish,3213.0,Everett,WA,98208.0,53061052121.0,3114
Snohomish,3213.0,Gold Bar,WA,98251.0,53061053801.0,3115
Snohomish,3213.0,Gold Bar,WA,98251.0,53061053803.0,3116
Snohomish,3213.0,Granite Falls,WA,98252.0,53061053505.0,3117
Snohomish,3213.0,Granite Falls,WA,98252.0,53061053506.0,3118
Snohomish,3213.0,Granite Falls,WA,98252.0,53061053603.0,3119
Snohomish,3213.0,Granite Falls,WA,98252.0,53061053604.0,3120
Snohomish,3213.0,Granite Falls,WA,98252.0,53061053605.0,3121
Snohomish,3213.0,Granite Falls,WA,98252.0,53061053606.0,3122
Snohomish,3213.0,Index,WA,98256.0,53061053801.0,3123
Snohomish,3213.0,Index,WA,98294.0,53061053801.0,3124
Snohomish,3213.0,Lake Stevens,WA,98258.0,53061052504.0,3125
Snohomish,3213.0,Lake Stevens,WA,98258.0,53061052505.0,3126
Snohomish,3213.0,Lake Stevens,WA,98258.0,53061052506.0,3127
Snohomish,3213.0,Lake Stevens,WA,98258.0,53061052603.0,3128
Snohomish,3213.0,Lake Stevens,WA,98258.0,53061052604.0,3129
Snohomish,3213.0,Lake Stevens,WA,98258.0,53061052605.0,3130
Snohomish,3213.0,Lake Stevens,WA,98258.0,53061052606.0,3131
Snohomish,3213.0,Lake Stevens,WA,98258.0,53061052607.0,3132
Snohomish,3213.0,Lake Stevens,WA,98258.0,53061052706.0,3133
Snohomish,3213.0,Lake Stevens,WA,98258.0,53061052707.0,3134
Snohomish,3213.0,Lake Stevens,WA,98258.0,53061052709.0,3135
Snohomish,3213.0,Lake Stevens,WA,98258.0,53061052711.0,3136
Snohomish,3213.0,Lake Stevens,WA,98258.0,53061053505.0,3137
Snohomish,3213.0,Lake Stevens,WA,98258.0,53061053603.0,3138
Snohomish,3213.0,Lake Stevens,WA,98258.0,53061053604.0,3139
Snohomish,3213.0,Lynnwood,WA,98036.0,53061051401.0,3140
Snohomish,3213.0,Lynnwood,WA,98036.0,53061051402.0,3141
Snohomish,3213.0,Lynnwood,WA,98036.0,53061051500.0,3142
Snohomish,3213.0,Lynnwood,WA,98036.0,53061051701.0,3143
Snohomish,3213.0,Lynnwood,WA,98036.0,53061051702.0,3144
Snohomish,3213.0,Lynnwood,WA,98036.0,53061051802.0,3145
Snohomish,3213.0,Lynnwood,WA,98036.0,53061051913.0,3146
Snohomish,3213.0,Lynnwood,WA,98036.0,53061051914.0,3147
Snohomish,3213.0,Lynnwood,WA,98036.0,53061051916.0,3148
Snohomish,3213.0,Lynnwood,WA,98036.0,53061051922.0,3149
Snohomish,3213.0,Lynnwood,WA,98036.0,53061051927.0,3150
Snohomish,3213.0,Lynnwood,WA,98036.0,53061051929.0,3151
Snohomish,3213.0,Lynnwood,WA,98036.0,53061051930.0,3152
Snohomish,3213.0,Lynnwood,WA,98036.0,53061051931.0,3153
Snohomish,3213.0,Lynnwood,WA,98036.0,53061051932.0,3154
Snohomish,3213.0,Lynnwood,WA,98037.0,53061050101.0,3155
Snohomish,3213.0,Lynnwood,WA,98037.0,53061050200.0,3156
Snohomish,3213.0,Lynnwood,WA,98037.0,53061051500.0,3157
Snohomish,3213.0,Lynnwood,WA,98037.0,53061051601.0,3158
Snohomish,3213.0,Lynnwood,WA,98037.0,53061051602.0,3159
Snohomish,3213.0,Lynnwood,WA,98037.0,53061051701.0,3160
Snohomish,3213.0,Lynnwood,WA,98037.0,53061051702.0,3161
Snohomish,3213.0,Lynnwood,WA,98037.0,53061051802.0,3162
Snohomish,3213.0,Lynnwood,WA,98037.0,53061051927.0,3163
Snohomish,3213.0,Lynnwood,WA,98037.0,53061051928.0,3164
Snohomish,3213.0,Lynnwood,WA,98087.0,53061041703.0,3165
Snohomish,3213.0,Lynnwood,WA,98087.0,53061041704.0,3166
Snohomish,3213.0,Lynnwood,WA,98087.0,53061041812.0,3167
Snohomish,3213.0,Lynnwood,WA,98087.0,53061041815.0,3168
Snohomish,3213.0,Lynnwood,WA,98087.0,53061041816.0,3169
Snohomish,3213.0,Lynnwood,WA,98087.0,53061041901.0,3170
Snohomish,3213.0,Lynnwood,WA,98087.0,53061042004.0,3171
Snohomish,3213.0,Lynnwood,WA,98087.0,53061042005.0,3172
Snohomish,3213.0,Lynnwood,WA,98087.0,53061050102.0,3173
Snohomish,3213.0,Lynnwood,WA,98087.0,53061051601.0,3174
Snohomish,3213.0,Lynnwood,WA,98087.0,53061051802.0,3175
Snohomish,3213.0,Lynnwood,WA,98087.0,53061051803.0,3176
Snohomish,3213.0,Lynnwood,WA,98087.0,53061051804.0,3177
Snohomish,3213.0,Lynnwood,WA,98087.0,53061051928.0,3178
Snohomish,3213.0,Martha Lake,WA,98087.0,53061041704.0,3179
Snohomish,3213.0,Marysville,WA,98270.0,53061052104.0,3180
Snohomish,3213.0,Marysville,WA,98270.0,53061052707.0,3181
Snohomish,3213.0,Marysville,WA,98270.0,53061052708.0,3182
Snohomish,3213.0,Marysville,WA,98270.0,53061052709.0,3183
Snohomish,3213.0,Marysville,WA,98270.0,53061052710.0,3184
Snohomish,3213.0,Marysville,WA,98270.0,53061052711.0,3185
Snohomish,3213.0,Marysville,WA,98270.0,53061052805.0,3186
Snohomish,3213.0,Marysville,WA,98270.0,53061052809.0,3187
Snohomish,3213.0,Marysville,WA,98270.0,53061052810.0,3188
Snohomish,3213.0,Marysville,WA,98270.0,53061052903.0,3189
Snohomish,3213.0,Marysville,WA,98270.0,53061052904.0,3190
Snohomish,3213.0,Marysville,WA,98270.0,53061052905.0,3191
Snohomish,3213.0,Marysville,WA,98270.0,53061052906.0,3192
Snohomish,3213.0,Marysville,WA,98271.0,53061052701.0,3193
Snohomish,3213.0,Marysville,WA,98271.0,53061052803.0,3194
Snohomish,3213.0,Marysville,WA,98271.0,53061052805.0,3195
Snohomish,3213.0,Marysville,WA,98271.0,53061052807.0,3196
Snohomish,3213.0,Marysville,WA,98271.0,53061052808.0,3197
Snohomish,3213.0,Marysville,WA,98271.0,53061053101.0,3198
Snohomish,3213.0,Marysville,WA,98271.0,53061053102.0,3199
Snohomish,3213.0,Marysville,WA,98271.0,53061940001.0,3200
Snohomish,3213.0,Marysville,WA,98271.0,53061940002.0,3201
Snohomish,3213.0,Marysville,WA,98292.0,53061053102.0,3202
Snohomish,3213.0,Mill Creek,WA,98012.0,53061041609.0,3203
Snohomish,3213.0,Mill Creek,WA,98012.0,53061041704.0,3204
Snohomish,3213.0,Mill Creek,WA,98012.0,53061051933.0,3205
Snohomish,3213.0,Mill Creek,WA,98012.0,53061052004.0,3206
Snohomish,3213.0,Mill Creek,WA,98012.0,53061052005.0,3207
Snohomish,3213.0,Mill Creek,WA,98012.0,53061052006.0,3208
Snohomish,3213.0,Mill Creek,WA,98012.0,53061052008.0,3209
Snohomish,3213.0,Monroe,WA,98272.0,53061052113.0,3210
Snohomish,3213.0,Monroe,WA,98272.0,53061052203.0,3211
Snohomish,3213.0,Monroe,WA,98272.0,53061052204.0,3212
Snohomish,3213.0,Monroe,WA,98272.0,53061052206.0,3213
Snohomish,3213.0,Monroe,WA,98272.0,53061052207.0,3214
Snohomish,3213.0,Monroe,WA,98272.0,53061052208.0,3215
Snohomish,3213.0,Monroe,WA,98272.0,53061052210.0,3216
Snohomish,3213.0,Monroe,WA,98272.0,53061052211.0,3217
Snohomish,3213.0,Monroe,WA,98272.0,53061053801.0,3218
Snohomish,3213.0,Monroe,WA,98272.0,53061053802.0,3219
Snohomish,3213.0,Mountlake Terrace,WA,98043.0,53061051000.0,3220
Snohomish,3213.0,Mountlake Terrace,WA,98043.0,53061051100.0,3221
Snohomish,3213.0,Mountlake Terrace,WA,98043.0,53061051200.0,3222
Snohomish,3213.0,Mountlake Terrace,WA,98043.0,53061051301.0,3223
Snohomish,3213.0,Mountlake Terrace,WA,98043.0,53061051302.0,3224
Snohomish,3213.0,Mountlake Terrace,WA,98043.0,53061051929.0,3225
Snohomish,3213.0,Mukilteo,WA,98275.0,53061041301.0,3226
Snohomish,3213.0,Mukilteo,WA,98275.0,53061041304.0,3227
Snohomish,3213.0,Mukilteo,WA,98275.0,53061041901.0,3228
Snohomish,3213.0,Mukilteo,WA,98275.0,53061042001.0,3229
Snohomish,3213.0,Mukilteo,WA,98275.0,53061042005.0,3230
Snohomish,3213.0,Mukilteo,WA,98275.0,53061042006.0,3231
Snohomish,3213.0,Snohomish,WA,98290.0,53061052104.0,3232
Snohomish,3213.0,Snohomish,WA,98290.0,53061052105.0,3233
Snohomish,3213.0,Snohomish,WA,98290.0,53061052203.0,3234
Snohomish,3213.0,Snohomish,WA,98290.0,53061052206.0,3235
Snohomish,3213.0,Snohomish,WA,98290.0,53061052211.0,3236
Snohomish,3213.0,Snohomish,WA,98290.0,53061052301.0,3237
Snohomish,3213.0,Snohomish,WA,98290.0,53061052302.0,3238
Snohomish,3213.0,Snohomish,WA,98290.0,53061052401.0,3239
Snohomish,3213.0,Snohomish,WA,98290.0,53061052402.0,3240
Snohomish,3213.0,Snohomish,WA,98290.0,53061052502.0,3241
Snohomish,3213.0,Snohomish,WA,98290.0,53061052504.0,3242
Snohomish,3213.0,Snohomish,WA,98290.0,53061052606.0,3243
Snohomish,3213.0,Snohomish,WA,98290.0,53061052607.0,3244
Snohomish,3213.0,Snohomish,WA,98290.0,53061053603.0,3245
Snohomish,3213.0,Snohomish,WA,98290.0,53061053605.0,3246
Snohomish,3213.0,Snohomish,WA,98290.0,53061053606.0,3247
Snohomish,3213.0,Snohomish,WA,98296.0,53061041609.0,3248
Snohomish,3213.0,Snohomish,WA,98296.0,53061041610.0,3249
Snohomish,3213.0,Snohomish,WA,98296.0,53061051912.0,3250
Snohomish,3213.0,Snohomish,WA,98296.0,53061052008.0,3251
Snohomish,3213.0,Snohomish,WA,98296.0,53061052105.0,3252
Snohomish,3213.0,Snohomish,WA,98296.0,53061052107.0,3253
Snohomish,3213.0,Snohomish,WA,98296.0,53061052108.0,3254
Snohomish,3213.0,Snohomish,WA,98296.0,53061052112.0,3255
Snohomish,3213.0,Snohomish,WA,98296.0,53061052113.0,3256
Snohomish,3213.0,Snohomish,WA,98296.0,53061052114.0,3257
Snohomish,3213.0,Snohomish,WA,98296.0,53061052119.0,3258
Snohomish,3213.0,Snohomish,WA,98296.0,53061052120.0,3259
Snohomish,3213.0,Snohomish,WA,98296.0,53061052121.0,3260
Snohomish,3213.0,Snohomish,WA,98296.0,53061052122.0,3261
Snohomish,3213.0,Stanwood,WA,98271.0,53061940002.0,3262
Snohomish,3213.0,Stanwood,WA,98292.0,53061053101.0,3263
Snohomish,3213.0,Stanwood,WA,98292.0,53061053102.0,3264
Snohomish,3213.0,Stanwood,WA,98292.0,53061053201.0,3265
Snohomish,3213.0,Stanwood,WA,98292.0,53061053202.0,3266
Snohomish,3213.0,Stanwood,WA,98292.0,53061053301.0,3267
Snohomish,3213.0,Stanwood,WA,98292.0,53061053302.0,3268
Snohomish,3213.0,Stanwood,WA,98292.0,53061053400.0,3269
Snohomish,3213.0,Stanwood,WA,98292.0,53061940002.0,3270
Snohomish,3213.0,Startup,WA,98294.0,53061053803.0,3271
Snohomish,3213.0,Sultan,WA,98294.0,53061053801.0,3272
Snohomish,3213.0,Sultan,WA,98294.0,53061053802.0,3273
Snohomish,3213.0,Sultan,WA,98294.0,53061053803.0,3274
Snohomish,3213.0,Tulalip,WA,98271.0,53061940001.0,3275
Snohomish,3213.0,Tulalip,WA,98271.0,53061940002.0,3276
Snohomish,3213.0,Woodway,WA,98020.0,53061050501.0,3277
Snohomish,3213.0,Woodway,WA,98020.0,53061050600.0,3278
Snohomish,3213.0,Woodway,WA,98020.0,53061050700.0,3279
Snohomish,,Everett,WA,98206.0,53061040700.0,3280
Snohomish,,Everett,WA,98206.0,53061052104.0,3281
Solano,1338.0,Benicia,CA,94510.0,6095252102.0,3282
Solano,1338.0,Vacaville,CA,95687.0,6095252915.0,3283
Solano,1338.0,Vallejo,CA,94590.0,6095251000.0,3284
Sonoma,1339.0,Guerneville,CA,95446.0,6097153708.0,3285
Spokane,2745.0,Rosalia,WA,99170.0,53063014300.0,3286
Spokane,3197.0,Cheney,WA,99008.0,53063014100.0,3287
Spokane,3197.0,Edwall,WA,99008.0,53063014100.0,3288
Spokane,3197.0,Reardan,WA,99029.0,53063010403.0,3289
Spokane,3197.0,Reardan,WA,99029.0,53063010404.0,3290
Spokane,3214.0,Airway Heights,WA,99001.0,53063010401.0,3291
Spokane,3214.0,Chattaroy,WA,99003.0,53063010201.0,3292
Spokane,3214.0,Chattaroy,WA,99003.0,53063010304.0,3293
Spokane,3214.0,Chattaroy,WA,99003.0,53063010305.0,3294
Spokane,3214.0,Chattaroy,WA,99005.0,53063010203.0,3295
Spokane,3214.0,Chattaroy,WA,99006.0,53063010304.0,3296
Spokane,3214.0,Chattaroy,WA,99009.0,53063010201.0,3297
Spokane,3214.0,Chattaroy,WA,99009.0,53063010304.0,3298
Spokane,3214.0,Chattaroy,WA,99021.0,53063010204.0,3299
Spokane,3214.0,Cheney,WA,99004.0,53063013501.0,3300
Spokane,3214.0,Cheney,WA,99004.0,53063013503.0,3301
Spokane,3214.0,Cheney,WA,99004.0,53063013600.0,3302
Spokane,3214.0,Cheney,WA,99004.0,53063013900.0,3303
Spokane,3214.0,Cheney,WA,99004.0,53063014001.0,3304
Spokane,3214.0,Cheney,WA,99004.0,53063014002.0,3305
Spokane,3214.0,Cheney,WA,99004.0,53063014100.0,3306
Spokane,3214.0,Cheney,WA,99004.0,53063014200.0,3307
Spokane,3214.0,Cheney,WA,99022.0,53063014100.0,3308
Spokane,3214.0,Cheney,WA,99224.0,53063013501.0,3309
Spokane,3214.0,Cheney,WA,99224.0,53063013600.0,3310
Spokane,3214.0,Colbert,WA,99003.0,53063010305.0,3311
Spokane,3214.0,Colbert,WA,99005.0,53063010203.0,3312
Spokane,3214.0,Colbert,WA,99005.0,53063010204.0,3313
Spokane,3214.0,Colbert,WA,99005.0,53063010303.0,3314
Spokane,3214.0,Colbert,WA,99005.0,53063010305.0,3315
Spokane,3214.0,Colbert,WA,99005.0,53063010504.0,3316
Spokane,3214.0,Colbert,WA,99005.0,53063010508.0,3317
Spokane,3214.0,Colbert,WA,99208.0,53063010303.0,3318
Spokane,3214.0,Deer Park,WA,99003.0,53063010304.0,3319
Spokane,3214.0,Deer Park,WA,99003.0,53063010305.0,3320
Spokane,3214.0,Deer Park,WA,99005.0,53063010305.0,3321
Spokane,3214.0,Deer Park,WA,99006.0,53063010301.0,3322
Spokane,3214.0,Deer Park,WA,99006.0,53063010303.0,3323
Spokane,3214.0,Deer Park,WA,99006.0,53063010304.0,3324
Spokane,3214.0,Edwall,WA,99004.0,53063014100.0,3325
Spokane,3214.0,Elk,WA,99009.0,53063010102.0,3326
Spokane,3214.0,Elk,WA,99009.0,53063010201.0,3327
Spokane,3214.0,Elk,WA,99009.0,53063010304.0,3328
Spokane,3214.0,Fairchild Air Force Base,WA,99011.0,53063013800.0,3329
Spokane,3214.0,Fairfield,WA,99012.0,53063014300.0,3330
Spokane,3214.0,Greenacres,WA,99016.0,53063012402.0,3331
Spokane,3214.0,Greenacres,WA,99016.0,53063013001.0,3332
Spokane,3214.0,Greenacres,WA,99016.0,53063013003.0,3333
Spokane,3214.0,Greenacres,WA,99016.0,53063013101.0,3334
Spokane,3214.0,Greenacres,WA,99016.0,53063013102.0,3335
Spokane,3214.0,Greenacres,WA,99016.0,53063013205.0,3336
Spokane,3214.0,Greenacres,WA,99016.0,53063013300.0,3337
Spokane,3214.0,Greenacres,WA,99019.0,53063013101.0,3338
Spokane,3214.0,Greenacres,WA,99023.0,53063013300.0,3339
Spokane,3214.0,Latah,WA,99018.0,53063014300.0,3340
Spokane,3214.0,Liberty Lake,WA,99016.0,53063013205.0,3341
Spokane,3214.0,Liberty Lake,WA,99019.0,53063013101.0,3342
Spokane,3214.0,Liberty Lake,WA,99019.0,53063013203.0,3343
Spokane,3214.0,Liberty Lake,WA,99019.0,53063013204.0,3344
Spokane,3214.0,Liberty Lake,WA,99019.0,53063013205.0,3345
Spokane,3214.0,Mead,WA,99005.0,53063010203.0,3346
Spokane,3214.0,Mead,WA,99021.0,53063010102.0,3347
Spokane,3214.0,Mead,WA,99021.0,53063010203.0,3348
Spokane,3214.0,Mead,WA,99021.0,53063010204.0,3349
Spokane,3214.0,Mead,WA,99021.0,53063010504.0,3350
Spokane,3214.0,Mead,WA,99021.0,53063010507.0,3351
Spokane,3214.0,Mead,WA,99021.0,53063011202.0,3352
Spokane,3214.0,Medical Lake,WA,99022.0,53063010401.0,3353
Spokane,3214.0,Medical Lake,WA,99022.0,53063010403.0,3354
Spokane,3214.0,Medical Lake,WA,99022.0,53063013900.0,3355
Spokane,3214.0,Medical Lake,WA,99022.0,53063014100.0,3356
Spokane,3214.0,Medical Lake,WA,99224.0,53063010403.0,3357
Spokane,3214.0,Mica,WA,99023.0,53063012402.0,3358
Spokane,3214.0,Mica,WA,99023.0,53063013300.0,3359
Spokane,3214.0,Newman Lake,WA,99025.0,53063010101.0,3360
Spokane,3214.0,Newman Lake,WA,99025.0,53063010102.0,3361
Spokane,3214.0,Newman Lake,WA,99025.0,53063013201.0,3362
Spokane,3214.0,Newman Lake,WA,99027.0,53063010101.0,3363
Spokane,3214.0,Newman Lake,WA,99027.0,53063013201.0,3364
Spokane,3214.0,Nine Mile Falls,WA,99026.0,53063010404.0,3365
Spokane,3214.0,Nine Mile Falls,WA,99026.0,53063010508.0,3366
Spokane,3214.0,Nine Mile Falls,WA,99026.0,53063010601.0,3367
Spokane,3214.0,Nine Mile Falls,WA,99026.0,53063013700.0,3368
Spokane,3214.0,Nine Mile Falls,WA,99224.0,53063010404.0,3369
Spokane,3214.0,Otis Orchards,WA,99027.0,53063010101.0,3370
Spokane,3214.0,Otis Orchards,WA,99027.0,53063013201.0,3371
Spokane,3214.0,Rockford,WA,99030.0,53063014300.0,3372
Spokane,3214.0,Spangle,WA,99004.0,53063014200.0,3373
Spokane,3214.0,Spangle,WA,99031.0,53063013502.0,3374
Spokane,3214.0,Spangle,WA,99031.0,53063013503.0,3375
Spokane,3214.0,Spangle,WA,99031.0,53063014200.0,3376
Spokane,3214.0,Spangle,WA,99031.0,53063014300.0,3377
Spokane,3214.0,Spokane,WA,99004.0,53063014100.0,3378
Spokane,3214.0,Spokane,WA,99005.0,53063010303.0,3379
Spokane,3214.0,Spokane,WA,99005.0,53063010504.0,3380
Spokane,3214.0,Spokane,WA,99005.0,53063010508.0,3381
Spokane,3214.0,Spokane,WA,99021.0,53063010204.0,3382
Spokane,3214.0,Spokane,WA,99031.0,53063014200.0,3383
Spokane,3214.0,Spokane,WA,99036.0,53063013300.0,3384
Spokane,3214.0,Spokane,WA,99036.0,53063013502.0,3385
Spokane,3214.0,Spokane,WA,99037.0,53063012402.0,3386
Spokane,3214.0,Spokane,WA,99201.0,53063002000.0,3387
Spokane,3214.0,Spokane,WA,99201.0,53063002100.0,3388
Spokane,3214.0,Spokane,WA,99201.0,53063002300.0,3389
Spokane,3214.0,Spokane,WA,99201.0,53063002400.0,3390
Spokane,3214.0,Spokane,WA,99201.0,53063003500.0,3391
Spokane,3214.0,Spokane,WA,99201.0,53063003601.0,3392
Spokane,3214.0,Spokane,WA,99201.0,53063003602.0,3393
Spokane,3214.0,Spokane,WA,99202.0,53063002501.0,3394
Spokane,3214.0,Spokane,WA,99202.0,53063002502.0,3395
Spokane,3214.0,Spokane,WA,99202.0,53063002503.0,3396
Spokane,3214.0,Spokane,WA,99202.0,53063002600.0,3397
Spokane,3214.0,Spokane,WA,99202.0,53063002900.0,3398
Spokane,3214.0,Spokane,WA,99202.0,53063003000.0,3399
Spokane,3214.0,Spokane,WA,99202.0,53063003100.0,3400
Spokane,3214.0,Spokane,WA,99202.0,53063003200.0,3401
Spokane,3214.0,Spokane,WA,99202.0,53063004100.0,3402
Spokane,3214.0,Spokane,WA,99202.0,53063004601.0,3403
Spokane,3214.0,Spokane,WA,99202.0,53063012200.0,3404
Spokane,3214.0,Spokane,WA,99202.0,53063014500.0,3405
Spokane,3214.0,Spokane,WA,99203.0,53063003100.0,3406
Spokane,3214.0,Spokane,WA,99203.0,53063004001.0,3407
Spokane,3214.0,Spokane,WA,99203.0,53063004002.0,3408
Spokane,3214.0,Spokane,WA,99203.0,53063004100.0,3409
Spokane,3214.0,Spokane,WA,99203.0,53063004200.0,3410
Spokane,3214.0,Spokane,WA,99203.0,53063004300.0,3411
Spokane,3214.0,Spokane,WA,99203.0,53063004400.0,3412
Spokane,3214.0,Spokane,WA,99203.0,53063004500.0,3413
Spokane,3214.0,Spokane,WA,99203.0,53063004601.0,3414
Spokane,3214.0,Spokane,WA,99203.0,53063004702.0,3415
Spokane,3214.0,Spokane,WA,99204.0,53063003200.0,3416
Spokane,3214.0,Spokane,WA,99204.0,53063004001.0,3417
Spokane,3214.0,Spokane,WA,99204.0,53063004002.0,3418
Spokane,3214.0,Spokane,WA,99204.0,53063004100.0,3419
Spokane,3214.0,Spokane,WA,99205.0,53063000500.0,3420
Spokane,3214.0,Spokane,WA,99205.0,53063000600.0,3421
Spokane,3214.0,Spokane,WA,99205.0,53063000700.0,3422
Spokane,3214.0,Spokane,WA,99205.0,53063000900.0,3423
Spokane,3214.0,Spokane,WA,99205.0,53063001000.0,3424
Spokane,3214.0,Spokane,WA,99205.0,53063001100.0,3425
Spokane,3214.0,Spokane,WA,99205.0,53063001200.0,3426
Spokane,3214.0,Spokane,WA,99205.0,53063001300.0,3427
Spokane,3214.0,Spokane,WA,99205.0,53063001900.0,3428
Spokane,3214.0,Spokane,WA,99205.0,53063002000.0,3429
Spokane,3214.0,Spokane,WA,99205.0,53063002100.0,3430
Spokane,3214.0,Spokane,WA,99205.0,53063002400.0,3431
Spokane,3214.0,Spokane,WA,99205.0,53063010601.0,3432
Spokane,3214.0,Spokane,WA,99205.0,53063011000.0,3433
Spokane,3214.0,Spokane,WA,99206.0,53063011301.0,3434
Spokane,3214.0,Spokane,WA,99206.0,53063011600.0,3435
Spokane,3214.0,Spokane,WA,99206.0,53063011900.0,3436
Spokane,3214.0,Spokane,WA,99206.0,53063012401.0,3437
Spokane,3214.0,Spokane,WA,99206.0,53063012402.0,3438
Spokane,3214.0,Spokane,WA,99206.0,53063013300.0,3439
Spokane,3214.0,Spokane,WA,99207.0,53063000301.0,3440
Spokane,3214.0,Spokane,WA,99207.0,53063000302.0,3441
Spokane,3214.0,Spokane,WA,99207.0,53063000400.0,3442
Spokane,3214.0,Spokane,WA,99207.0,53063001400.0,3443
Spokane,3214.0,Spokane,WA,99207.0,53063001500.0,3444
Spokane,3214.0,Spokane,WA,99207.0,53063001600.0,3445
Spokane,3214.0,Spokane,WA,99207.0,53063001800.0,3446
Spokane,3214.0,Spokane,WA,99207.0,53063002501.0,3447
Spokane,3214.0,Spokane,WA,99207.0,53063002502.0,3448
Spokane,3214.0,Spokane,WA,99207.0,53063002600.0,3449
Spokane,3214.0,Spokane,WA,99208.0,53063000201.0,3450
Spokane,3214.0,Spokane,WA,99208.0,53063000301.0,3451
Spokane,3214.0,Spokane,WA,99208.0,53063000302.0,3452
Spokane,3214.0,Spokane,WA,99208.0,53063000400.0,3453
Spokane,3214.0,Spokane,WA,99208.0,53063000800.0,3454
Spokane,3214.0,Spokane,WA,99208.0,53063010303.0,3455
Spokane,3214.0,Spokane,WA,99208.0,53063010504.0,3456
Spokane,3214.0,Spokane,WA,99208.0,53063010506.0,3457
Spokane,3214.0,Spokane,WA,99208.0,53063010507.0,3458
Spokane,3214.0,Spokane,WA,99208.0,53063010508.0,3459
Spokane,3214.0,Spokane,WA,99208.0,53063010601.0,3460
Spokane,3214.0,Spokane,WA,99208.0,53063010603.0,3461
Spokane,3214.0,Spokane,WA,99208.0,53063010604.0,3462
Spokane,3214.0,Spokane,WA,99208.0,53063010701.0,3463
Spokane,3214.0,Spokane,WA,99208.0,53063010702.0,3464
Spokane,3214.0,Spokane,WA,99208.0,53063010901.0,3465
Spokane,3214.0,Spokane,WA,99208.0,53063010902.0,3466
Spokane,3214.0,Spokane,WA,99208.0,53063011000.0,3467
Spokane,3214.0,Spokane,WA,99208.0,53063011102.0,3468
Spokane,3214.0,Spokane,WA,99208.0,53063011103.0,3469
Spokane,3214.0,Spokane,WA,99208.0,53063011104.0,3470
Spokane,3214.0,Spokane,WA,99208.0,53063011203.0,3471
Spokane,3214.0,Spokane,WA,99208.0,53063011204.0,3472
Spokane,3214.0,Spokane,WA,99212.0,53063011301.0,3473
Spokane,3214.0,Spokane,WA,99212.0,53063011302.0,3474
Spokane,3214.0,Spokane,WA,99212.0,53063011600.0,3475
Spokane,3214.0,Spokane,WA,99212.0,53063012200.0,3476
Spokane,3214.0,Spokane,WA,99212.0,53063012300.0,3477
Spokane,3214.0,Spokane,WA,99212.0,53063012401.0,3478
Spokane,3214.0,Spokane,WA,99212.0,53063013401.0,3479
Spokane,3214.0,Spokane,WA,99216.0,53063010101.0,3480
Spokane,3214.0,Spokane,WA,99216.0,53063011400.0,3481
Spokane,3214.0,Spokane,WA,99216.0,53063011800.0,3482
Spokane,3214.0,Spokane,WA,99217.0,53063000201.0,3483
Spokane,3214.0,Spokane,WA,99217.0,53063000202.0,3484
Spokane,3214.0,Spokane,WA,99217.0,53063010101.0,3485
Spokane,3214.0,Spokane,WA,99217.0,53063010102.0,3486
Spokane,3214.0,Spokane,WA,99217.0,53063010204.0,3487
Spokane,3214.0,Spokane,WA,99217.0,53063011202.0,3488
Spokane,3214.0,Spokane,WA,99217.0,53063011203.0,3489
Spokane,3214.0,Spokane,WA,99217.0,53063011204.0,3490
Spokane,3214.0,Spokane,WA,99217.0,53063011301.0,3491
Spokane,3214.0,Spokane,WA,99217.0,53063011302.0,3492
Spokane,3214.0,Spokane,WA,99217.0,53063011400.0,3493
Spokane,3214.0,Spokane,WA,99217.0,53063014400.0,3494
Spokane,3214.0,Spokane,WA,99218.0,53063010505.0,3495
Spokane,3214.0,Spokane,WA,99218.0,53063010506.0,3496
Spokane,3214.0,Spokane,WA,99218.0,53063010508.0,3497
Spokane,3214.0,Spokane,WA,99218.0,53063010702.0,3498
Spokane,3214.0,Spokane,WA,99218.0,53063010800.0,3499
Spokane,3214.0,Spokane,WA,99218.0,53063010901.0,3500
Spokane,3214.0,Spokane,WA,99218.0,53063010902.0,3501
Spokane,3214.0,Spokane,WA,99218.0,53063011102.0,3502
Spokane,3214.0,Spokane,WA,99218.0,53063011203.0,3503
Spokane,3214.0,Spokane,WA,99223.0,53063002900.0,3504
Spokane,3214.0,Spokane,WA,99223.0,53063003900.0,3505
Spokane,3214.0,Spokane,WA,99223.0,53063004500.0,3506
Spokane,3214.0,Spokane,WA,99223.0,53063004601.0,3507
Spokane,3214.0,Spokane,WA,99223.0,53063004602.0,3508
Spokane,3214.0,Spokane,WA,99223.0,53063004701.0,3509
Spokane,3214.0,Spokane,WA,99223.0,53063004702.0,3510
Spokane,3214.0,Spokane,WA,99223.0,53063004800.0,3511
Spokane,3214.0,Spokane,WA,99223.0,53063004900.0,3512
Spokane,3214.0,Spokane,WA,99223.0,53063005000.0,3513
Spokane,3214.0,Spokane,WA,99223.0,53063013300.0,3514
Spokane,3214.0,Spokane,WA,99223.0,53063013401.0,3515
Spokane,3214.0,Spokane,WA,99223.0,53063013502.0,3516
Spokane,3214.0,Spokane,WA,99224.0,53063003601.0,3517
Spokane,3214.0,Spokane,WA,99224.0,53063003800.0,3518
Spokane,3214.0,Spokane,WA,99224.0,53063003900.0,3519
Spokane,3214.0,Spokane,WA,99224.0,53063005000.0,3520
Spokane,3214.0,Spokane,WA,99224.0,53063010403.0,3521
Spokane,3214.0,Spokane,WA,99224.0,53063010404.0,3522
Spokane,3214.0,Spokane,WA,99224.0,53063013501.0,3523
Spokane,3214.0,Spokane,WA,99224.0,53063013502.0,3524
Spokane,3214.0,Spokane,WA,99224.0,53063013503.0,3525
Spokane,3214.0,Spokane,WA,99224.0,53063013600.0,3526
Spokane,3214.0,Spokane,WA,99224.0,53063013700.0,3527
Spokane,3214.0,Spokane,WA,99224.0,53063014100.0,3528
Spokane,3214.0,Spokane,WA,99224.0,53063014200.0,3529
Spokane,3214.0,Spokane,WA,99251.0,53063010902.0,3530
Spokane,3214.0,Spokane Valley,WA,99016.0,53063013003.0,3531
Spokane,3214.0,Spokane Valley,WA,99016.0,53063013101.0,3532
Spokane,3214.0,Spokane Valley,WA,99016.0,53063013102.0,3533
Spokane,3214.0,Spokane Valley,WA,99027.0,53063011400.0,3534
Spokane,3214.0,Spokane Valley,WA,99027.0,53063013201.0,3535
Spokane,3214.0,Spokane Valley,WA,99037.0,53063012702.0,3536
Spokane,3214.0,Spokane Valley,WA,99037.0,53063012901.0,3537
Spokane,3214.0,Spokane Valley,WA,99037.0,53063012902.0,3538
Spokane,3214.0,Spokane Valley,WA,99037.0,53063013001.0,3539
Spokane,3214.0,Spokane Valley,WA,99037.0,53063013002.0,3540
Spokane,3214.0,Spokane Valley,WA,99037.0,53063013003.0,3541
Spokane,3214.0,Spokane Valley,WA,99037.0,53063013102.0,3542
Spokane,3214.0,Spokane Valley,WA,99206.0,53063011701.0,3543
Spokane,3214.0,Spokane Valley,WA,99206.0,53063011702.0,3544
Spokane,3214.0,Spokane Valley,WA,99206.0,53063011800.0,3545
Spokane,3214.0,Spokane Valley,WA,99206.0,53063011900.0,3546
Spokane,3214.0,Spokane Valley,WA,99206.0,53063012000.0,3547
Spokane,3214.0,Spokane Valley,WA,99206.0,53063012401.0,3548
Spokane,3214.0,Spokane Valley,WA,99206.0,53063012402.0,3549
Spokane,3214.0,Spokane Valley,WA,99206.0,53063012500.0,3550
Spokane,3214.0,Spokane Valley,WA,99206.0,53063012600.0,3551
Spokane,3214.0,Spokane Valley,WA,99206.0,53063012701.0,3552
Spokane,3214.0,Spokane Valley,WA,99206.0,53063012801.0,3553
Spokane,3214.0,Spokane Valley,WA,99206.0,53063012802.0,3554
Spokane,3214.0,Spokane Valley,WA,99212.0,53063011500.0,3555
Spokane,3214.0,Spokane Valley,WA,99212.0,53063011701.0,3556
Spokane,3214.0,Spokane Valley,WA,99212.0,53063012100.0,3557
Spokane,3214.0,Spokane Valley,WA,99212.0,53063012200.0,3558
Spokane,3214.0,Spokane Valley,WA,99212.0,53063012300.0,3559
Spokane,3214.0,Spokane Valley,WA,99212.0,53063012401.0,3560
Spokane,3214.0,Spokane Valley,WA,99212.0,53063013401.0,3561
Spokane,3214.0,Spokane Valley,WA,99216.0,53063010101.0,3562
Spokane,3214.0,Spokane Valley,WA,99216.0,53063011400.0,3563
Spokane,3214.0,Spokane Valley,WA,99216.0,53063011702.0,3564
Spokane,3214.0,Spokane Valley,WA,99216.0,53063011800.0,3565
Spokane,3214.0,Spokane Valley,WA,99216.0,53063012701.0,3566
Spokane,3214.0,Spokane Valley,WA,99216.0,53063012702.0,3567
Spokane,3214.0,Spokane Valley,WA,99216.0,53063012801.0,3568
Spokane,3214.0,Spokane Valley,WA,99216.0,53063012901.0,3569
Spokane,3214.0,Spokane Valley,WA,99216.0,53063012902.0,3570
Spokane,3214.0,Spokane Valley,WA,99216.0,53063013101.0,3571
Spokane,3214.0,Spokane Valley,WA,99223.0,53063013401.0,3572
Spokane,3214.0,Valleyford,WA,99030.0,53063013300.0,3573
Spokane,3214.0,Valleyford,WA,99036.0,53063013300.0,3574
Spokane,3214.0,Valleyford,WA,99036.0,53063013502.0,3575
Spokane,3214.0,Valleyford,WA,99036.0,53063014300.0,3576
Spokane,3214.0,Valleyford,WA,99223.0,53063013502.0,3577
Spokane,3214.0,Veradale,WA,99016.0,53063013001.0,3578
Spokane,3214.0,Veradale,WA,99016.0,53063013003.0,3579
Spokane,3214.0,Veradale,WA,99037.0,53063012402.0,3580
Spokane,3214.0,Veradale,WA,99037.0,53063012902.0,3581
Spokane,3214.0,Veradale,WA,99037.0,53063013001.0,3582
Spokane,3214.0,Veradale,WA,99037.0,53063013003.0,3583
St. Charles,2177.0,O Fallon,MO,63368.0,29183311739.0,3584
St. Clair,1797.0,Belleville,IL,62220.0,17163503903.0,3585
St. Clair,1797.0,Scott Air Force Base,IL,62225.0,17163503800.0,3586
St. Johns,1083.0,Saint Johns,FL,32259.0,12109020808.0,3587
St. Landry,1622.0,Ville Platte,LA,70586.0,22097960601.0,3588
St. Louis,2210.0,Ballwin,MO,63021.0,29189217923.0,3589
St. Louis,2210.0,Saint Louis,MO,63137.0,29510127000.0,3590
St. Louis,2223.0,Saint Louis,MO,63139.0,29510104200.0,3591
St. Mary's,424.0,California,MD,20619.0,24037875501.0,3592
St. Mary's,424.0,California,MD,20619.0,24037875803.0,3593
St. Mary's,424.0,Lexington Park,MD,20653.0,24037875906.0,3594
Stafford,2877.0,Fredericksburg,VA,22405.0,51179010403.0,3595
Stafford,2877.0,Stafford,VA,22554.0,51179010212.0,3596
Stafford,2877.0,Stafford,VA,22556.0,51179010205.0,3597
Stanislaus,1340.0,Turlock,CA,95382.0,6099003612.0,3598
Stevens,2741.0,Addy,WA,99101.0,53065950200.0,3599
Stevens,2741.0,Addy,WA,99101.0,53065950800.0,3600
Stevens,2741.0,Addy,WA,99101.0,53065950900.0,3601
Stevens,2741.0,Chewelah,WA,99109.0,53065950700.0,3602
Stevens,2741.0,Chewelah,WA,99109.0,53065950800.0,3603
Stevens,2741.0,Chewelah,WA,99109.0,53065951302.0,3604
Stevens,2741.0,Clayton,WA,99110.0,53065951301.0,3605
Stevens,2741.0,Clayton,WA,99110.0,53065951302.0,3606
Stevens,2741.0,Colville,WA,99114.0,53065950101.0,3607
Stevens,2741.0,Colville,WA,99114.0,53065950102.0,3608
Stevens,2741.0,Colville,WA,99114.0,53065950200.0,3609
Stevens,2741.0,Colville,WA,99114.0,53065950300.0,3610
Stevens,2741.0,Colville,WA,99114.0,53065950500.0,3611
Stevens,2741.0,Colville,WA,99114.0,53065950600.0,3612
Stevens,2741.0,Evans,WA,99126.0,53065950101.0,3613
Stevens,2741.0,Evans,WA,99126.0,53065950200.0,3614
Stevens,2741.0,Ford,WA,99013.0,53065941000.0,3615
Stevens,2741.0,Ford,WA,99013.0,53065951401.0,3616
Stevens,2741.0,Gifford,WA,99131.0,53065950900.0,3617
Stevens,2741.0,Hunters,WA,99137.0,53065950900.0,3618
Stevens,2741.0,Kettle Falls,WA,99141.0,53065950101.0,3619
Stevens,2741.0,Kettle Falls,WA,99141.0,53065950102.0,3620
Stevens,2741.0,Loon Lake,WA,99148.0,53065951301.0,3621
Stevens,2741.0,Loon Lake,WA,99148.0,53065951302.0,3622
Stevens,2741.0,Northport,WA,99157.0,53065950101.0,3623
Stevens,2741.0,Rice,WA,99167.0,53065950102.0,3624
Stevens,2741.0,Rice,WA,99167.0,53065950900.0,3625
Stevens,2741.0,Springdale,WA,99173.0,53065951100.0,3626
Stevens,2741.0,Springdale,WA,99173.0,53065951401.0,3627
Stevens,2741.0,Tumtum,WA,99034.0,53065951401.0,3628
Stevens,2741.0,Valley,WA,99181.0,53065951100.0,3629
Stevens,2741.0,Wellpinit,WA,99040.0,53065941000.0,3630
Stevens,3214.0,Deer Park,WA,99006.0,53065951301.0,3631
Stevens,3214.0,Deer Park,WA,99006.0,53065951401.0,3632
Stevens,3214.0,Deer Park,WA,99006.0,53065951402.0,3633
Stevens,3214.0,Nine Mile Falls,WA,99026.0,53065951401.0,3634
Stevens,3214.0,Nine Mile Falls,WA,99026.0,53065951402.0,3635
Suffolk,1918.0,Hyde Park,MA,2136.0,25025140102.0,3636
Suffolk,2179.0,Huntington Station,NY,11746.0,36103111201.0,3637
Suffolk,2950.0,Suffolk,VA,23434.0,51800075401.0,3638
Suffolk,2950.0,Suffolk,VA,23435.0,51800075203.0,3639
Suffolk,2950.0,Suffolk,VA,23435.0,51800075207.0,3640
Sussex,2586.0,Stanhope,NJ,7874.0,34037374600.0,3641
Talladega,1637.0,Talladega,AL,35160.0,1121010302.0,3642
Tarrant,2919.0,Southlake,TX,76092.0,48439113908.0,3643
Texas,544.0,Summersville,MO,65571.0,29215480201.0,3644
Thurston,2742.0,Bucoda,WA,98530.0,53067012620.0,3645
Thurston,2742.0,Lacey,WA,98503.0,53067011200.0,3646
Thurston,2742.0,Lacey,WA,98503.0,53067011300.0,3647
Thurston,2742.0,Lacey,WA,98503.0,53067011410.0,3648
Thurston,2742.0,Lacey,WA,98503.0,53067011421.0,3649
Thurston,2742.0,Lacey,WA,98503.0,53067011422.0,3650
Thurston,2742.0,Lacey,WA,98503.0,53067011500.0,3651
Thurston,2742.0,Lacey,WA,98503.0,53067011622.0,3652
Thurston,2742.0,Lacey,WA,98503.0,53067011625.0,3653
Thurston,2742.0,Lacey,WA,98503.0,53067011626.0,3654
Thurston,2742.0,Lacey,WA,98503.0,53067011627.0,3655
Thurston,2742.0,Lacey,WA,98503.0,53067011628.0,3656
Thurston,2742.0,Lacey,WA,98503.0,53067012224.0,3657
Thurston,2742.0,Lacey,WA,98503.0,53067012330.0,3658
Thurston,2742.0,Lacey,WA,98506.0,53067012224.0,3659
Thurston,2742.0,Lacey,WA,98513.0,53067011622.0,3660
Thurston,2742.0,Lacey,WA,98513.0,53067011623.0,3661
Thurston,2742.0,Lacey,WA,98513.0,53067012330.0,3662
Thurston,2742.0,Lacey,WA,98516.0,53067011200.0,3663
Thurston,2742.0,Lacey,WA,98516.0,53067011500.0,3664
Thurston,2742.0,Lacey,WA,98516.0,53067012221.0,3665
Thurston,2742.0,Lacey,WA,98516.0,53067012224.0,3666
Thurston,2742.0,Lacey,WA,98516.0,53067012225.0,3667
Thurston,2742.0,Lacey,WA,98516.0,53067012226.0,3668
Thurston,2742.0,Lacey,WA,98516.0,53067012330.0,3669
Thurston,2742.0,Olympia,WA,98501.0,53067010100.0,3670
Thurston,2742.0,Olympia,WA,98501.0,53067010300.0,3671
Thurston,2742.0,Olympia,WA,98501.0,53067010400.0,3672
Thurston,2742.0,Olympia,WA,98501.0,53067010700.0,3673
Thurston,2742.0,Olympia,WA,98501.0,53067010801.0,3674
Thurston,2742.0,Olympia,WA,98501.0,53067010802.0,3675
Thurston,2742.0,Olympia,WA,98501.0,53067011200.0,3676
Thurston,2742.0,Olympia,WA,98501.0,53067011300.0,3677
Thurston,2742.0,Olympia,WA,98501.0,53067011626.0,3678
Thurston,2742.0,Olympia,WA,98501.0,53067011720.0,3679
Thurston,2742.0,Olympia,WA,98501.0,53067011721.0,3680
Thurston,2742.0,Olympia,WA,98501.0,53067011722.0,3681
Thurston,2742.0,Olympia,WA,98501.0,53067011821.0,3682
Thurston,2742.0,Olympia,WA,98501.0,53067012610.0,3683
Thurston,2742.0,Olympia,WA,98502.0,53067010510.0,3684
Thurston,2742.0,Olympia,WA,98502.0,53067010520.0,3685
Thurston,2742.0,Olympia,WA,98502.0,53067010600.0,3686
Thurston,2742.0,Olympia,WA,98502.0,53067011100.0,3687
Thurston,2742.0,Olympia,WA,98502.0,53067011901.0,3688
Thurston,2742.0,Olympia,WA,98502.0,53067011902.0,3689
Thurston,2742.0,Olympia,WA,98502.0,53067012001.0,3690
Thurston,2742.0,Olympia,WA,98502.0,53067012002.0,3691
Thurston,2742.0,Olympia,WA,98502.0,53067012730.0,3692
Thurston,2742.0,Olympia,WA,98503.0,53067011200.0,3693
Thurston,2742.0,Olympia,WA,98503.0,53067011422.0,3694
Thurston,2742.0,Olympia,WA,98503.0,53067011500.0,3695
Thurston,2742.0,Olympia,WA,98503.0,53067011624.0,3696
Thurston,2742.0,Olympia,WA,98503.0,53067011627.0,3697
Thurston,2742.0,Olympia,WA,98503.0,53067011628.0,3698
Thurston,2742.0,Olympia,WA,98503.0,53067012331.0,3699
Thurston,2742.0,Olympia,WA,98503.0,53067012332.0,3700
Thurston,2742.0,Olympia,WA,98503.0,53067012420.0,3701
Thurston,2742.0,Olympia,WA,98506.0,53067010100.0,3702
Thurston,2742.0,Olympia,WA,98506.0,53067010200.0,3703
Thurston,2742.0,Olympia,WA,98506.0,53067010300.0,3704
Thurston,2742.0,Olympia,WA,98506.0,53067012100.0,3705
Thurston,2742.0,Olympia,WA,98506.0,53067012211.0,3706
Thurston,2742.0,Olympia,WA,98506.0,53067012223.0,3707
Thurston,2742.0,Olympia,WA,98506.0,53067012224.0,3708
Thurston,2742.0,Olympia,WA,98507.0,53067010100.0,3709
Thurston,2742.0,Olympia,WA,98512.0,53067010910.0,3710
Thurston,2742.0,Olympia,WA,98512.0,53067010920.0,3711
Thurston,2742.0,Olympia,WA,98512.0,53067011000.0,3712
Thurston,2742.0,Olympia,WA,98512.0,53067011810.0,3713
Thurston,2742.0,Olympia,WA,98512.0,53067011821.0,3714
Thurston,2742.0,Olympia,WA,98512.0,53067011822.0,3715
Thurston,2742.0,Olympia,WA,98512.0,53067011901.0,3716
Thurston,2742.0,Olympia,WA,98512.0,53067012610.0,3717
Thurston,2742.0,Olympia,WA,98512.0,53067012730.0,3718
Thurston,2742.0,Olympia,WA,98513.0,53067011622.0,3719
Thurston,2742.0,Olympia,WA,98513.0,53067011623.0,3720
Thurston,2742.0,Olympia,WA,98513.0,53067011624.0,3721
Thurston,2742.0,Olympia,WA,98513.0,53067012320.0,3722
Thurston,2742.0,Olympia,WA,98513.0,53067012330.0,3723
Thurston,2742.0,Olympia,WA,98513.0,53067012331.0,3724
Thurston,2742.0,Olympia,WA,98513.0,53067012332.0,3725
Thurston,2742.0,Olympia,WA,98513.0,53067012420.0,3726
Thurston,2742.0,Olympia,WA,98513.0,53067012530.0,3727
Thurston,2742.0,Olympia,WA,98513.0,53067012610.0,3728
Thurston,2742.0,Olympia,WA,98516.0,53067011500.0,3729
Thurston,2742.0,Olympia,WA,98516.0,53067012211.0,3730
Thurston,2742.0,Olympia,WA,98516.0,53067012221.0,3731
Thurston,2742.0,Olympia,WA,98516.0,53067012224.0,3732
Thurston,2742.0,Olympia,WA,98516.0,53067012225.0,3733
Thurston,2742.0,Olympia,WA,98516.0,53067012226.0,3734
Thurston,2742.0,Olympia,WA,98516.0,53067012320.0,3735
Thurston,2742.0,Olympia,WA,98516.0,53067012330.0,3736
Thurston,2742.0,Rainier,WA,98576.0,53067012420.0,3737
Thurston,2742.0,Rainier,WA,98576.0,53067012421.0,3738
Thurston,2742.0,Rainier,WA,98576.0,53067012530.0,3739
Thurston,2742.0,Rainier,WA,98576.0,53067012531.0,3740
Thurston,2742.0,Rainier,WA,98576.0,53067012620.0,3741
Thurston,2742.0,Rochester,WA,98579.0,53067012610.0,3742
Thurston,2742.0,Rochester,WA,98579.0,53067012710.0,3743
Thurston,2742.0,Rochester,WA,98579.0,53067012720.0,3744
Thurston,2742.0,Rochester,WA,98579.0,53067012730.0,3745
Thurston,2742.0,Tenino,WA,98589.0,53067012530.0,3746
Thurston,2742.0,Tenino,WA,98589.0,53067012610.0,3747
Thurston,2742.0,Tenino,WA,98589.0,53067012620.0,3748
Thurston,2742.0,Tumwater,WA,98501.0,53067010400.0,3749
Thurston,2742.0,Tumwater,WA,98501.0,53067010801.0,3750
Thurston,2742.0,Tumwater,WA,98501.0,53067010802.0,3751
Thurston,2742.0,Tumwater,WA,98501.0,53067011720.0,3752
Thurston,2742.0,Tumwater,WA,98501.0,53067011722.0,3753
Thurston,2742.0,Tumwater,WA,98501.0,53067011821.0,3754
Thurston,2742.0,Tumwater,WA,98512.0,53067010801.0,3755
Thurston,2742.0,Tumwater,WA,98512.0,53067010910.0,3756
Thurston,2742.0,Tumwater,WA,98512.0,53067010920.0,3757
Thurston,2742.0,Tumwater,WA,98512.0,53067011000.0,3758
Thurston,2742.0,Tumwater,WA,98512.0,53067011822.0,3759
Thurston,2742.0,Yelm,WA,98597.0,53067012412.0,3760
Thurston,2742.0,Yelm,WA,98597.0,53067012420.0,3761
Thurston,2742.0,Yelm,WA,98597.0,53067012421.0,3762
Thurston,2742.0,Yelm,WA,98597.0,53067012422.0,3763
Thurston,2742.0,Yelm,WA,98597.0,53067012510.0,3764
Thurston,2742.0,Yelm,WA,98597.0,53067012530.0,3765
Thurston,2742.0,Yelm,WA,98597.0,53067012531.0,3766
Thurston,2742.0,Yelm,WA,98597.0,53067012532.0,3767
Thurston,2983.0,Oakville,WA,98568.0,53067012720.0,3768
Thurston,3196.0,Centralia,WA,98531.0,53067012620.0,3769
Thurston,3196.0,Centralia,WA,98531.0,53067012710.0,3770
Thurston,3196.0,Centralia,WA,98531.0,53067012720.0,3771
Thurston,,Olympia,WA,98504.0,53067010100.0,3772
Tom Green,2923.0,San Angelo,TX,76906.0,48451001301.0,3773
Travis,807.0,Leander,TX,78641.0,48453035600.0,3774
Travis,2924.0,Austin,TX,78704.0,48453001923.0,3775
Travis,2924.0,Austin,TX,78727.0,48453045100.0,3776
Umatilla,2413.0,Milton Freewater,OR,97862.0,41059950201.0,3777
Unknown,,Unknown,AB,Unknown,,3778
Unknown,,Unknown,AE,Unknown,,3779
Unknown,,Unknown,AP,Unknown,,3780
Unknown,,Unknown,BC,Unknown,,3781
Unknown,,Unknown,FL,Unknown,,3782
Unknown,,Unknown,NH,Unknown,,3783
Unknown,,Unknown,QC,Unknown,,3784
Unknown,,Unknown,WA,Unknown,,3785
Utah,3182.0,Pleasant Grove,UT,84062.0,49049000505.0,3786
Ventura,1392.0,Camarillo,CA,93012.0,6111005700.0,3787
Ventura,1392.0,Port Hueneme,CA,93041.0,6111004305.0,3788
Ventura,1392.0,Port Hueneme,CA,93041.0,6111004600.0,3789
Virginia Beach,2951.0,Virginia Beach,VA,23453.0,51810045421.0,3790
Virginia Beach,2951.0,Virginia Beach,VA,23453.0,51810045810.0,3791
Virginia Beach,2951.0,Virginia Beach,VA,23455.0,51810040000.0,3792
Virginia Beach,2951.0,Virginia Beach,VA,23455.0,51810040404.0,3793
Virginia Beach,2951.0,Virginia Beach,VA,23455.0,51810041801.0,3794
Virginia Beach,2951.0,Virginia Beach,VA,23455.0,51810041804.0,3795
Virginia Beach,2951.0,Virginia Beach,VA,23456.0,51810046016.0,3796
Virginia Beach,2951.0,Virginia Beach,VA,23462.0,51810046009.0,3797
Virginia Beach,2951.0,Virginia Beach,VA,23464.0,51810046213.0,3798
Wahkiakum,851.0,Cathlamet,WA,98612.0,53069950100.0,3799
Wahkiakum,851.0,Grays River,WA,98621.0,53069950100.0,3800
Wahkiakum,851.0,Rosburg,WA,98643.0,53069950100.0,3801
Wahkiakum,851.0,Skamokawa,WA,98647.0,53069950100.0,3802
Wahkiakum,2978.0,Cathlamet,WA,98632.0,53069950100.0,3803
Wahkiakum,3208.0,Naselle,WA,98638.0,53069950100.0,3804
Wake,3158.0,Cary,NC,27519.0,37183053618.0,3805
Wake,3158.0,Holly Springs,NC,27540.0,37183053208.0,3806
Walla Walla,2743.0,Burbank,WA,99323.0,53071920000.0,3807
Walla Walla,2743.0,College Place,WA,99324.0,53071920200.0,3808
Walla Walla,2743.0,College Place,WA,99324.0,53071920301.0,3809
Walla Walla,2743.0,College Place,WA,99324.0,53071920302.0,3810
Walla Walla,2743.0,College Place,WA,99324.0,53071920902.0,3811
Walla Walla,2743.0,Dixie,WA,99329.0,53071920100.0,3812
Walla Walla,2743.0,Prescott,WA,99348.0,53071920000.0,3813
Walla Walla,2743.0,Prescott,WA,99348.0,53071920100.0,3814
Walla Walla,2743.0,Touchet,WA,99360.0,53071920100.0,3815
Walla Walla,2743.0,Waitsburg,WA,99361.0,53071920100.0,3816
Walla Walla,2743.0,Walla Walla,WA,99362.0,53071920100.0,3817
Walla Walla,2743.0,Walla Walla,WA,99362.0,53071920200.0,3818
Walla Walla,2743.0,Walla Walla,WA,99362.0,53071920301.0,3819
Walla Walla,2743.0,Walla Walla,WA,99362.0,53071920302.0,3820
Walla Walla,2743.0,Walla Walla,WA,99362.0,53071920500.0,3821
Walla Walla,2743.0,Walla Walla,WA,99362.0,53071920600.0,3822
Walla Walla,2743.0,Walla Walla,WA,99362.0,53071920701.0,3823
Walla Walla,2743.0,Walla Walla,WA,99362.0,53071920702.0,3824
Walla Walla,2743.0,Walla Walla,WA,99362.0,53071920801.0,3825
Walla Walla,2743.0,Walla Walla,WA,99362.0,53071920802.0,3826
Walla Walla,2743.0,Walla Walla,WA,99362.0,53071920901.0,3827
Walla Walla,2743.0,Walla Walla,WA,99362.0,53071920902.0,3828
Walla Walla,2743.0,Walla Walla Co,WA,99362.0,53071920200.0,3829
Walla Walla,2743.0,Walla Walla Co,WA,99362.0,53071920902.0,3830
Washington,724.0,Hillsboro,OR,97123.0,41067032904.0,3831
Washington,724.0,Portland,OR,97225.0,41067031404.0,3832
Washington,724.0,Portland,OR,97229.0,41067030105.0,3833
Washoe,2403.0,Sparks,NV,89436.0,32031003516.0,3834
Washoe,2403.0,Sparks,NV,89441.0,32031003516.0,3835
Washtenaw,366.0,Ann Arbor,MI,48103.0,26161414900.0,3836
Wayne,553.0,Pikeville,NC,27863.0,37191000303.0,3837
Wayne,1345.0,Taylor,MI,48180.0,26163584300.0,3838
Webb,2959.0,Laredo,TX,78046.0,48479001806.0,3839
Weber,3201.0,Ogden,UT,84401.0,49057210513.0,3840
Weld,1072.0,Johnstown,CO,80534.0,8123002107.0,3841
Weld,1072.0,Windsor,CO,80550.0,8123002208.0,3842
Whatcom,2744.0,Acme,WA,98220.0,53073010103.0,3843
Whatcom,2744.0,Bellingham,WA,98225.0,53073000201.0,3844
Whatcom,2744.0,Bellingham,WA,98225.0,53073000301.0,3845
Whatcom,2744.0,Bellingham,WA,98225.0,53073000302.0,3846
Whatcom,2744.0,Bellingham,WA,98225.0,53073000401.0,3847
Whatcom,2744.0,Bellingham,WA,98225.0,53073000402.0,3848
Whatcom,2744.0,Bellingham,WA,98225.0,53073000501.0,3849
Whatcom,2744.0,Bellingham,WA,98225.0,53073000502.0,3850
Whatcom,2744.0,Bellingham,WA,98225.0,53073000600.0,3851
Whatcom,2744.0,Bellingham,WA,98225.0,53073001000.0,3852
Whatcom,2744.0,Bellingham,WA,98225.0,53073001101.0,3853
Whatcom,2744.0,Bellingham,WA,98225.0,53073001102.0,3854
Whatcom,2744.0,Bellingham,WA,98225.0,53073001202.0,3855
Whatcom,2744.0,Bellingham,WA,98225.0,53073001203.0,3856
Whatcom,2744.0,Bellingham,WA,98225.0,53073001204.0,3857
Whatcom,2744.0,Bellingham,WA,98226.0,53073000101.0,3858
Whatcom,2744.0,Bellingham,WA,98226.0,53073000102.0,3859
Whatcom,2744.0,Bellingham,WA,98226.0,53073000201.0,3860
Whatcom,2744.0,Bellingham,WA,98226.0,53073000202.0,3861
Whatcom,2744.0,Bellingham,WA,98226.0,53073000203.0,3862
Whatcom,2744.0,Bellingham,WA,98226.0,53073000302.0,3863
Whatcom,2744.0,Bellingham,WA,98226.0,53073000700.0,3864
Whatcom,2744.0,Bellingham,WA,98226.0,53073000803.0,3865
Whatcom,2744.0,Bellingham,WA,98226.0,53073000804.0,3866
Whatcom,2744.0,Bellingham,WA,98226.0,53073000807.0,3867
Whatcom,2744.0,Bellingham,WA,98226.0,53073010600.0,3868
Whatcom,2744.0,Bellingham,WA,98226.0,53073010701.0,3869
Whatcom,2744.0,Bellingham,WA,98226.0,53073010702.0,3870
Whatcom,2744.0,Bellingham,WA,98226.0,53073940001.0,3871
Whatcom,2744.0,Bellingham,WA,98226.0,53073940002.0,3872
Whatcom,2744.0,Bellingham,WA,98229.0,53073000700.0,3873
Whatcom,2744.0,Bellingham,WA,98229.0,53073000803.0,3874
Whatcom,2744.0,Bellingham,WA,98229.0,53073000805.0,3875
Whatcom,2744.0,Bellingham,WA,98229.0,53073000807.0,3876
Whatcom,2744.0,Bellingham,WA,98229.0,53073000808.0,3877
Whatcom,2744.0,Bellingham,WA,98229.0,53073000809.0,3878
Whatcom,2744.0,Bellingham,WA,98229.0,53073000902.0,3879
Whatcom,2744.0,Bellingham,WA,98229.0,53073000903.0,3880
Whatcom,2744.0,Bellingham,WA,98229.0,53073000904.0,3881
Whatcom,2744.0,Bellingham,WA,98229.0,53073001101.0,3882
Whatcom,2744.0,Bellingham,WA,98229.0,53073001202.0,3883
Whatcom,2744.0,Blaine,WA,98230.0,53073010301.0,3884
Whatcom,2744.0,Blaine,WA,98230.0,53073010405.0,3885
Whatcom,2744.0,Blaine,WA,98230.0,53073010406.0,3886
Whatcom,2744.0,Blaine,WA,98230.0,53073010407.0,3887
Whatcom,2744.0,Blaine,WA,98230.0,53073010408.0,3888
Whatcom,2744.0,Blaine,WA,98230.0,53073010409.0,3889
Whatcom,2744.0,Blaine,WA,98230.0,53073010410.0,3890
Whatcom,2744.0,Blaine,WA,98230.0,53073010411.0,3891
Whatcom,2744.0,Blaine,WA,98230.0,53073010504.0,3892
Whatcom,2744.0,Blaine,WA,98231.0,53073010409.0,3893
Whatcom,2744.0,Custer,WA,98240.0,53073010301.0,3894
Whatcom,2744.0,Custer,WA,98240.0,53073010407.0,3895
Whatcom,2744.0,Custer,WA,98240.0,53073010408.0,3896
Whatcom,2744.0,Custer,WA,98240.0,53073010410.0,3897
Whatcom,2744.0,Deming,WA,98244.0,53073010101.0,3898
Whatcom,2744.0,Deming,WA,98244.0,53073010102.0,3899
Whatcom,2744.0,Deming,WA,98244.0,53073010103.0,3900
Whatcom,2744.0,Everson,WA,98247.0,53073010101.0,3901
Whatcom,2744.0,Everson,WA,98247.0,53073010201.0,3902
Whatcom,2744.0,Everson,WA,98247.0,53073010202.0,3903
Whatcom,2744.0,Everson,WA,98247.0,53073010701.0,3904
Whatcom,2744.0,Everson,WA,98247.0,53073010702.0,3905
Whatcom,2744.0,Ferndale,WA,98248.0,53073000201.0,3906
Whatcom,2744.0,Ferndale,WA,98248.0,53073000202.0,3907
Whatcom,2744.0,Ferndale,WA,98248.0,53073010301.0,3908
Whatcom,2744.0,Ferndale,WA,98248.0,53073010407.0,3909
Whatcom,2744.0,Ferndale,WA,98248.0,53073010503.0,3910
Whatcom,2744.0,Ferndale,WA,98248.0,53073010504.0,3911
Whatcom,2744.0,Ferndale,WA,98248.0,53073010505.0,3912
Whatcom,2744.0,Ferndale,WA,98248.0,53073010506.0,3913
Whatcom,2744.0,Ferndale,WA,98248.0,53073010600.0,3914
Whatcom,2744.0,Ferndale,WA,98248.0,53073940001.0,3915
Whatcom,2744.0,Glacier,WA,98244.0,53073010102.0,3916
Whatcom,2744.0,Glacier,WA,98244.0,53073010103.0,3917
Whatcom,2744.0,Lynden,WA,98264.0,53073010202.0,3918
Whatcom,2744.0,Lynden,WA,98264.0,53073010301.0,3919
Whatcom,2744.0,Lynden,WA,98264.0,53073010302.0,3920
Whatcom,2744.0,Lynden,WA,98264.0,53073010303.0,3921
Whatcom,2744.0,Lynden,WA,98264.0,53073010600.0,3922
Whatcom,2744.0,Lynden,WA,98264.0,53073010701.0,3923
Whatcom,2744.0,Maple Falls,WA,98266.0,53073010101.0,3924
Whatcom,2744.0,Maple Falls,WA,98266.0,53073010102.0,3925
Whatcom,2744.0,Nooksack,WA,98276.0,53073010201.0,3926
Whatcom,2744.0,Nooksack,WA,98276.0,53073010202.0,3927
Whatcom,2744.0,Point Roberts,WA,98281.0,53073011000.0,3928
Whatcom,2744.0,Sumas,WA,98295.0,53073010101.0,3929
Whatcom,2744.0,Sumas,WA,98295.0,53073010201.0,3930
Whatcom,2744.0,Sumas,WA,98295.0,53073010202.0,3931
Whatcom,3212.0,Sedro Woolley,WA,98284.0,53073000807.0,3932
Whatcom,,Lummi Island,WA,98262.0,53073010900.0,3933
Whitman,2745.0,Colfax,WA,99111.0,53075000201.0,3934
Whitman,2745.0,Colfax,WA,99111.0,53075000700.0,3935
Whitman,2745.0,Colfax,WA,99111.0,53075000800.0,3936
Whitman,2745.0,Colton,WA,99113.0,53075000400.0,3937
Whitman,2745.0,Colton,WA,99113.0,53075001000.0,3938
Whitman,2745.0,Endicott,WA,99125.0,53075000900.0,3939
Whitman,2745.0,Farmington,WA,99128.0,53075000700.0,3940
Whitman,2745.0,Garfield,WA,99130.0,53075000700.0,3941
Whitman,2745.0,Lacrosse,WA,99143.0,53075001000.0,3942
Whitman,2745.0,Lamont,WA,99017.0,53075000900.0,3943
Whitman,2745.0,Malden,WA,99149.0,53075000900.0,3944
Whitman,2745.0,Oakesdale,WA,99158.0,53075000700.0,3945
Whitman,2745.0,Oakesdale,WA,99158.0,53075000900.0,3946
Whitman,2745.0,Palouse,WA,99161.0,53075000700.0,3947
Whitman,2745.0,Pullman,WA,99163.0,53075000100.0,3948
Whitman,2745.0,Pullman,WA,99163.0,53075000201.0,3949
Whitman,2745.0,Pullman,WA,99163.0,53075000202.0,3950
Whitman,2745.0,Pullman,WA,99163.0,53075000300.0,3951
Whitman,2745.0,Pullman,WA,99163.0,53075000400.0,3952
Whitman,2745.0,Pullman,WA,99163.0,53075000500.0,3953
Whitman,2745.0,Pullman,WA,99163.0,53075000601.0,3954
Whitman,2745.0,Pullman,WA,99163.0,53075000602.0,3955
Whitman,2745.0,Pullman,WA,99163.0,53075000700.0,3956
Whitman,2745.0,Pullman,WA,99163.0,53075001000.0,3957
Whitman,2745.0,Rosalia,WA,99170.0,53075000900.0,3958
Whitman,2745.0,St John,WA,99171.0,53075000900.0,3959
Whitman,2745.0,Tekoa,WA,99033.0,53075000900.0,3960
Whitman,2745.0,Uniontown,WA,99113.0,53075001000.0,3961
Whitman,2745.0,Uniontown,WA,99179.0,53075001000.0,3962
Williamson,807.0,Austin,TX,78717.0,48491020311.0,3963
Williamson,807.0,Austin,TX,78717.0,48491020509.0,3964
Williamson,807.0,Hutto,TX,78634.0,48491020811.0,3965
Williamson,3018.0,Brentwood,TN,37027.0,47187050205.0,3966
Yakima,2746.0,Buena,WA,98921.0,53077002202.0,3967
Yakima,2746.0,Cowiche,WA,98923.0,53077002900.0,3968
Yakima,2746.0,Grandview,WA,98930.0,53077001801.0,3969
Yakima,2746.0,Grandview,WA,98930.0,53077001802.0,3970
Yakima,2746.0,Grandview,WA,98930.0,53077001901.0,3971
Yakima,2746.0,Grandview,WA,98930.0,53077001902.0,3972
Yakima,2746.0,Granger,WA,98932.0,53077002101.0,3973
Yakima,2746.0,Granger,WA,98932.0,53077002103.0,3974
Yakima,2746.0,Granger,WA,98932.0,53077002104.0,3975
Yakima,2746.0,Harrah,WA,98933.0,53077940001.0,3976
Yakima,2746.0,Mabton,WA,98930.0,53077001802.0,3977
Yakima,2746.0,Mabton,WA,98935.0,53077001802.0,3978
Yakima,2746.0,Mabton,WA,98935.0,53077002701.0,3979
Yakima,2746.0,Mabton,WA,98935.0,53077940003.0,3980
Yakima,2746.0,Moxee,WA,98901.0,53077001701.0,3981
Yakima,2746.0,Moxee,WA,98936.0,53077001701.0,3982
Yakima,2746.0,Moxee,WA,98936.0,53077001702.0,3983
Yakima,2746.0,Naches,WA,98908.0,53077002900.0,3984
Yakima,2746.0,Naches,WA,98937.0,53077002900.0,3985
Yakima,2746.0,Naches,WA,98937.0,53077003002.0,3986
Yakima,2746.0,Naches,WA,98937.0,53077003003.0,3987
Yakima,2746.0,Naches,WA,98937.0,53077003004.0,3988
Yakima,2746.0,Naches,WA,98942.0,53077003004.0,3989
Yakima,2746.0,Outlook,WA,98938.0,53077002103.0,3990
Yakima,2746.0,Outlook,WA,98938.0,53077002104.0,3991
Yakima,2746.0,Outlook,WA,98938.0,53077002201.0,3992
Yakima,2746.0,Outlook,WA,98938.0,53077002202.0,3993
Yakima,2746.0,Parker,WA,98939.0,53077940001.0,3994
Yakima,2746.0,Selah,WA,98942.0,53077003004.0,3995
Yakima,2746.0,Selah,WA,98942.0,53077003100.0,3996
Yakima,2746.0,Selah,WA,98942.0,53077003200.0,3997
Yakima,2746.0,Selah,WA,98942.0,53077003400.0,3998
Yakima,2746.0,Sunnyside,WA,98944.0,53077001801.0,3999
Yakima,2746.0,Sunnyside,WA,98944.0,53077001802.0,4000
Yakima,2746.0,Sunnyside,WA,98944.0,53077002003.0,4001
Yakima,2746.0,Sunnyside,WA,98944.0,53077002004.0,4002
Yakima,2746.0,Sunnyside,WA,98944.0,53077002005.0,4003
Yakima,2746.0,Sunnyside,WA,98944.0,53077002006.0,4004
Yakima,2746.0,Sunnyside,WA,98944.0,53077002101.0,4005
Yakima,2746.0,Sunnyside,WA,98944.0,53077002103.0,4006
Yakima,2746.0,Sunnyside,WA,98944.0,53077002104.0,4007
Yakima,2746.0,Tieton,WA,98937.0,53077002900.0,4008
Yakima,2746.0,Tieton,WA,98947.0,53077002900.0,4009
Yakima,2746.0,Toppenish,WA,98948.0,53077940002.0,4010
Yakima,2746.0,Toppenish,WA,98948.0,53077940003.0,4011
Yakima,2746.0,Toppenish,WA,98948.0,53077940005.0,4012
Yakima,2746.0,Toppenish,WA,98948.0,53077940006.0,4013
Yakima,2746.0,Union Gap,WA,98903.0,53077001300.0,4014
Yakima,2746.0,Union Gap,WA,98903.0,53077001400.0,4015
Yakima,2746.0,Union Gap,WA,98903.0,53077940003.0,4016
Yakima,2746.0,Wapato,WA,98951.0,53077001702.0,4017
Yakima,2746.0,Wapato,WA,98951.0,53077002202.0,4018
Yakima,2746.0,Wapato,WA,98951.0,53077940001.0,4019
Yakima,2746.0,Wapato,WA,98951.0,53077940002.0,4020
Yakima,2746.0,Wapato,WA,98951.0,53077940003.0,4021
Yakima,2746.0,Wapato,WA,98951.0,53077940007.0,4022
Yakima,2746.0,Wapato,WA,98951.0,53077940008.0,4023
Yakima,2746.0,White Swan,WA,98952.0,53077940003.0,4024
Yakima,2746.0,Yakima,WA,98901.0,53077000100.0,4025
Yakima,2746.0,Yakima,WA,98901.0,53077000200.0,4026
Yakima,2746.0,Yakima,WA,98901.0,53077001502.0,4027
Yakima,2746.0,Yakima,WA,98901.0,53077001503.0,4028
Yakima,2746.0,Yakima,WA,98901.0,53077001504.0,4029
Yakima,2746.0,Yakima,WA,98901.0,53077001601.0,4030
Yakima,2746.0,Yakima,WA,98901.0,53077001602.0,4031
Yakima,2746.0,Yakima,WA,98901.0,53077001701.0,4032
Yakima,2746.0,Yakima,WA,98901.0,53077001702.0,4033
Yakima,2746.0,Yakima,WA,98902.0,53077000100.0,4034
Yakima,2746.0,Yakima,WA,98902.0,53077000301.0,4035
Yakima,2746.0,Yakima,WA,98902.0,53077000302.0,4036
Yakima,2746.0,Yakima,WA,98902.0,53077000500.0,4037
Yakima,2746.0,Yakima,WA,98902.0,53077000600.0,4038
Yakima,2746.0,Yakima,WA,98902.0,53077000700.0,4039
Yakima,2746.0,Yakima,WA,98902.0,53077000800.0,4040
Yakima,2746.0,Yakima,WA,98902.0,53077001000.0,4041
Yakima,2746.0,Yakima,WA,98902.0,53077001100.0,4042
Yakima,2746.0,Yakima,WA,98902.0,53077001201.0,4043
Yakima,2746.0,Yakima,WA,98902.0,53077001202.0,4044
Yakima,2746.0,Yakima,WA,98903.0,53077001100.0,4045
Yakima,2746.0,Yakima,WA,98903.0,53077001202.0,4046
Yakima,2746.0,Yakima,WA,98903.0,53077001300.0,4047
Yakima,2746.0,Yakima,WA,98903.0,53077001400.0,4048
Yakima,2746.0,Yakima,WA,98903.0,53077002801.0,4049
Yakima,2746.0,Yakima,WA,98903.0,53077002803.0,4050
Yakima,2746.0,Yakima,WA,98903.0,53077003003.0,4051
Yakima,2746.0,Yakima,WA,98903.0,53077940003.0,4052
Yakima,2746.0,Yakima,WA,98908.0,53077000401.0,4053
Yakima,2746.0,Yakima,WA,98908.0,53077000402.0,4054
Yakima,2746.0,Yakima,WA,98908.0,53077000800.0,4055
Yakima,2746.0,Yakima,WA,98908.0,53077000902.0,4056
Yakima,2746.0,Yakima,WA,98908.0,53077000903.0,4057
Yakima,2746.0,Yakima,WA,98908.0,53077000904.0,4058
Yakima,2746.0,Yakima,WA,98908.0,53077001000.0,4059
Yakima,2746.0,Yakima,WA,98908.0,53077001100.0,4060
Yakima,2746.0,Yakima,WA,98908.0,53077002801.0,4061
Yakima,2746.0,Yakima,WA,98908.0,53077002803.0,4062
Yakima,2746.0,Yakima,WA,98908.0,53077002804.0,4063
Yakima,2746.0,Yakima,WA,98908.0,53077002900.0,4064
Yakima,2746.0,Yakima,WA,98908.0,53077003002.0,4065
Yakima,2746.0,Yakima,WA,98908.0,53077003003.0,4066
Yakima,2746.0,Yakima,WA,98908.0,53077003400.0,4067
Yakima,2746.0,Zillah,WA,98932.0,53077002101.0,4068
Yakima,2746.0,Zillah,WA,98951.0,53077002202.0,4069
Yakima,2746.0,Zillah,WA,98953.0,53077002101.0,4070
Yakima,2746.0,Zillah,WA,98953.0,53077002201.0,4071
Yakima,2746.0,Zillah,WA,98953.0,53077002202.0,4072
Yakima,2955.0,Prosser,WA,99350.0,53077002701.0,4073
Yolo,77.0,West Sacramento,CA,95605.0,6113010104.0,4074
York,939.0,Williamsburg,VA,23185.0,51199051100.0,4075
York,2903.0,Yorktown,VA,23690.0,51199050500.0,4076
York,2903.0,Yorktown,VA,23691.0,51199050900.0,4077
Yuba,1394.0,Beale Afb,CA,95903.0,6115040902.0,4078
